cid,district,subway,community_average
1111027373683,1,1,95763
1111027373684,1,1,87076
1111027373685,1,1,86883
1111027373686,7,0,82664
1111027373689,1,1,94481
1111027373690,7,1,64855
1111027373691,7,1,62837
1111027373694,7,1,102606
1111027373695,7,1,101662
1111027373696,7,1,44835
1111027373697,8,0,69557
1111027373698,1,1,93200
1111027373705,8,1,79927
1111027373708,7,1,48116
1111027373709,7,1,58475
1111027373710,1,1,59015
1111027373716,3,1,46608
1111027373720,1,1,135673
1111027373721,1,1,59015
1111027373722,10,1,123885
1111027373726,10,0,108223
1111027373728,10,0,109286
1111027373731,1,1,101703
1111027373732,1,1,111492
1111027373733,1,1,95123
1111027373735,7,1,50296
1111027373737,7,1,58694
1111027373738,7,1,63737
1111027373740,7,1,58820
1111027373742,7,1,54933
1111027373750,10,1,112300
1111027373753,7,1,80553
1111027373755,10,1,59015
1111027373756,7,1,50512
1111027373759,1,1,129091
1111027373760,1,1,59015
1111027373761,1,1,127542
1111027373774,7,0,44253
1111027373783,1,1,101646
1111027373785,1,1,119588
1111027373786,1,1,116842
1111027373788,4,0,41688
1111027373797,8,1,95921
1111027373798,8,1,114107
1111027373799,10,1,96259
1111027373802,7,0,39306
1111027373803,10,1,59015
1111027373806,7,0,68904
1111027373808,2,0,64266
1111027373809,10,1,96704
1111027373812,7,1,61067
1111027373813,7,0,61947
1111027373814,7,0,62404
1111027373820,7,0,36943
1111027373823,1,1,59015
1111027373828,1,1,107232
1111027373829,1,1,103404
1111027373832,6,0,32068
1111027373833,6,0,55134
1111027373834,6,0,37931
1111027373835,6,0,38270
1111027373836,6,0,36167
1111027373837,11,1,44545
1111027373844,7,1,61601
1111027373846,7,1,55177
1111027373848,1,1,92009
1111027373850,10,1,153344
1111027373852,1,1,110599
1111027373853,1,0,112051
1111027373855,1,1,104777
1111027373856,1,1,99711
1111027373858,1,1,79389
1111027373859,1,1,75659
1111027373860,1,1,70935
1111027373861,1,1,74384
1111027373863,10,0,112341
1111027373864,10,1,121915
1111027373865,10,1,128756
1111027373867,10,1,114759
1111027373873,10,1,99634
1111027373874,10,1,104570
1111027373875,8,1,86182
1111027373881,10,0,53521
1111027373882,10,1,131943
1111027373883,10,1,127701
1111027373886,1,1,100847
1111027373887,10,0,54289
1111027373889,1,1,59015
1111027373890,1,1,95124
1111027373893,10,1,138129
1111027373894,1,1,59015
1111027373895,1,1,59015
1111027373896,1,1,95179
1111027373897,1,1,94461
1111027373899,1,1,97088
1111027373900,1,1,93461
1111027373901,1,0,90723
1111027373903,8,1,83717
1111027373904,1,1,59015
1111027373905,1,1,91139
1111027373906,7,1,67136
1111027373909,1,1,73208
1111027373910,6,0,35637
1111027373913,7,1,52249
1111027373915,7,1,53764
1111027373920,7,1,55044
1111027373922,10,0,51193
1111027373923,7,1,46679
1111027373924,1,1,92516
1111027373925,1,1,97769
1111027373926,7,1,64115
1111027373927,7,1,68475
1111027373928,7,1,67246
1111027373929,7,1,70537
1111027373930,7,1,64214
1111027373932,10,1,59015
1111027373939,7,1,57718
1111027373942,10,1,96689
1111027373943,1,1,89632
1111027373949,10,0,130815
1111027373950,10,0,118279
1111027373951,10,0,121626
1111027373952,10,0,106689
1111027373953,10,0,119762
1111027373954,1,1,69812
1111027373957,1,1,59015
1111027373961,8,1,77187
1111027373964,13,1,36286
1111027373965,10,0,59015
1111027373968,1,1,59015
1111027373971,1,1,83122
1111027373972,10,1,122353
1111027373976,10,1,111329
1111027373982,6,0,55291
1111027373990,8,1,71700
1111027373992,2,1,45820
1111027373994,8,0,66141
1111027373995,8,1,93192
1111027373999,7,1,90867
1111027374000,7,1,79898
1111027374001,7,1,78573
1111027374002,7,1,87262
1111027374003,7,1,103324
1111027374004,7,1,86353
1111027374006,8,1,95667
1111027374016,1,1,84810
1111027374017,7,1,56132
1111027374018,7,1,64552
1111027374019,7,1,94582
1111027374020,7,1,50690
1111027374021,1,1,99580
1111027374022,7,1,85762
1111027374029,7,1,74452
1111027374041,2,1,38915
1111027374043,7,0,45447
1111027374044,1,1,99381
1111027374045,7,1,41980
1111027374050,1,1,97139
1111027374051,1,1,102667
1111027374052,1,1,89912
1111027374054,6,0,34271
1111027374055,1,1,100883
1111027374056,1,1,94379
1111027374057,1,1,95425
1111027374059,7,0,51827
1111027374062,1,1,80631
1111027374065,1,1,93519
1111027374066,9,0,55733
1111027374067,6,1,59916
1111027374069,8,1,92624
1111027374072,1,1,85262
1111027374073,1,1,88954
1111027374074,1,1,101657
1111027374075,1,1,94968
1111027374076,1,1,86517
1111027374077,1,1,61156
1111027374078,1,1,100166
1111027374080,1,1,96997
1111027374081,1,1,94958
1111027374084,7,0,85564
1111027374085,1,1,78739
1111027374086,1,1,72137
1111027374087,1,1,66859
1111027374102,8,1,68880
1111027374103,8,1,75942
1111027374111,10,1,146896
1111027374114,8,1,75738
1111027374116,8,1,82002
1111027374118,6,0,59015
1111027374124,10,1,109084
1111027374133,2,0,52229
1111027374135,8,1,81452
1111027374138,4,0,48759
1111027374142,7,1,81682
1111027374145,10,1,69810
1111027374146,7,1,83051
1111027374147,7,1,116654
1111027374151,8,1,101493
1111027374161,8,1,80189
1111027374169,10,1,103706
1111027374170,10,1,103031
1111027374172,10,1,95478
1111027374173,10,1,102066
1111027374174,10,1,102539
1111027374175,10,1,118938
1111027374176,10,1,114666
1111027374177,7,1,69391
1111027374183,7,1,78052
1111027374184,2,1,60647
1111027374187,7,1,62443
1111027374188,7,1,75539
1111027374194,6,1,32488
1111027374195,8,0,67509
1111027374196,10,1,104368
1111027374197,7,0,66551
1111027374204,2,0,47448
1111027374205,10,1,135242
1111027374212,10,1,113935
1111027374213,7,0,67339
1111027374215,7,0,57709
1111027374216,1,1,83169
1111027374217,2,1,67542
1111027374218,2,0,45920
1111027374219,1,1,104991
1111027374220,1,1,84090
1111027374221,7,1,66580
1111027374222,1,1,110212
1111027374223,2,1,66505
1111027374224,7,1,99671
1111027374227,7,0,112125
1111027374228,7,0,99879
1111027374229,7,0,106096
1111027374230,7,0,99502
1111027374231,7,1,44332
1111027374232,10,1,110681
1111027374233,10,1,77757
1111027374235,2,0,48514
1111027374236,7,1,47463
1111027374239,1,1,85681
1111027374240,2,1,83265
1111027374244,10,0,87035
1111027374245,2,1,50554
1111027374247,11,0,42363
1111027374248,7,0,54612
1111027374249,7,1,120313
1111027374250,10,1,165490
1111027374252,7,0,36465
1111027374256,2,1,69301
1111027374258,1,1,59015
1111027374261,2,0,51127
1111027374265,7,1,56982
1111027374266,7,1,64669
1111027374267,1,1,103018
1111027374269,1,0,93479
1111027374270,2,1,59797
1111027374271,7,1,94022
1111027374273,7,1,90609
1111027374274,7,1,96280
1111027374276,7,1,89993
1111027374277,4,0,31106
1111027374279,6,0,25169
1111027374281,8,0,80706
1111027374283,7,1,69520
1111027374286,7,0,97665
1111027374290,8,0,63651
1111027374292,8,0,62070
1111027374294,1,0,107674
1111027374295,8,1,83077
1111027374296,7,0,43860
1111027374297,10,0,126243
1111027374298,7,1,60338
1111027374299,7,1,52632
1111027374300,1,1,63863
1111027374301,7,0,48141
1111027374302,7,0,48906
1111027374305,10,1,86359
1111027374308,8,0,130831
1111027374309,2,1,53839
1111027374311,2,1,53624
1111027374312,8,1,74963
1111027374314,4,0,38492
1111027374315,10,1,183109
1111027374316,2,1,49788
1111027374317,6,0,34792
1111027374320,8,0,70823
1111027374322,2,1,57161
1111027374324,2,0,60465
1111027374329,7,1,76261
1111027374331,10,1,176816
1111027374335,8,1,127211
1111027374336,10,1,145581
1111027374339,1,1,126283
1111027374345,1,1,100301
1111027374348,7,0,44805
1111027374354,10,1,98189
1111027374365,2,1,44435
1111027374366,7,0,43766
1111027374369,7,1,43532
1111027374371,7,1,46725
1111027374372,7,0,46571
1111027374375,2,0,44242
1111027374378,1,1,59015
1111027374388,8,1,84983
1111027374392,8,1,70383
1111027374403,10,1,109704
1111027374404,10,1,125589
1111027374406,10,1,107150
1111027374409,7,1,77663
1111027374410,2,1,62858
1111027374411,2,1,60626
1111027374417,2,1,56622
1111027374423,4,0,44880
1111027374425,7,1,55615
1111027374426,7,1,54222
1111027374427,7,1,61651
1111027374428,7,1,60297
1111027374432,10,1,80516
1111027374436,7,1,49380
1111027374437,6,1,41721
1111027374438,6,0,42926
1111027374439,6,1,39435
1111027374440,2,1,70381
1111027374444,10,1,96235
1111027374446,10,1,59015
1111027374449,10,1,150802
1111027374452,10,1,125030
1111027374455,2,0,57690
1111027374461,2,0,53876
1111027374463,7,0,63597
1111027374464,7,0,68451
1111027374465,7,0,62313
1111027374466,7,0,118404
1111027374470,7,1,62603
1111027374474,10,1,105107
1111027374478,10,1,78832
1111027374479,10,0,80602
1111027374480,10,1,87485
1111027374481,10,1,87300
1111027374483,10,1,79570
1111027374484,10,0,83559
1111027374485,10,1,79432
1111027374487,10,0,69760
1111027374488,8,0,70934
1111027374489,10,0,92036
1111027374492,10,1,94117
1111027374498,7,0,40012
1111027374501,1,1,65228
1111027374502,1,1,61892
1111027374503,9,0,44959
1111027374505,8,1,80810
1111027374512,7,1,80932
1111027374513,1,1,59015
1111027374516,2,1,48814
1111027374519,1,1,78590
1111027374520,9,1,49995
1111027374521,9,1,46578
1111027374526,9,0,46904
1111027374529,10,1,86631
1111027374531,7,1,75031
1111027374532,7,1,73671
1111027374542,7,1,87363
1111027374544,8,1,92621
1111027374548,10,1,85308
1111027374549,7,1,77030
1111027374551,7,0,82194
1111027374552,7,1,81534
1111027374557,7,0,87496
1111027374561,7,1,98882
1111027374562,7,1,61717
1111027374569,7,0,91231
1111027374573,10,1,96108
1111027374575,10,1,106583
1111027374577,10,1,138803
1111027374580,1,1,60867
1111027374582,1,1,55253
1111027374583,7,1,54615
1111027374585,7,1,77394
1111027374586,7,1,76001
1111027374587,7,1,63419
1111027374589,7,1,59825
1111027374590,7,0,74064
1111027374591,10,1,75483
1111027374592,7,1,62683
1111027374593,7,1,84930
1111027374597,7,1,30864
1111027374600,7,1,64573
1111027374608,8,1,83944
1111027374615,8,0,75792
1111027374616,7,1,57285
1111027374617,7,1,53772
1111027374618,7,1,57548
1111027374619,7,1,52484
1111027374620,7,0,59060
1111027374621,7,1,55989
1111027374622,10,1,99633
1111027374625,1,1,92283
1111027374626,7,1,46777
1111027374627,8,1,92132
1111027374631,7,1,54975
1111027374632,7,1,60399
1111027374633,11,0,46204
1111027374637,7,1,52650
1111027374642,7,1,71985
1111027374643,10,1,113948
1111027374645,7,0,51714
1111027374646,8,0,73109
1111027374647,7,1,54748
1111027374649,7,0,53994
1111027374650,7,0,50492
1111027374654,7,0,62598
1111027374656,7,0,58092
1111027374663,10,1,59015
1111027374667,10,1,59015
1111027374668,1,0,79873
1111027374671,1,0,84672
1111027374673,1,1,84214
1111027374678,2,1,61390
1111027374680,1,1,78235
1111027374681,7,1,56540
1111027374682,1,1,84131
1111027374683,7,1,61589
1111027374684,7,1,60167
1111027374685,7,1,65697
1111027374686,1,1,71761
1111027374687,7,1,79126
1111027374689,1,1,86302
1111027374690,1,1,77289
1111027374691,1,1,94514
1111027374693,3,1,28609
1111027374694,10,1,70690
1111027374701,8,1,106680
1111027374706,1,1,92041
1111027374707,1,1,95785
1111027374710,7,1,59021
1111027374714,1,1,83519
1111027374715,1,1,93139
1111027374716,1,1,84932
1111027374717,7,1,74171
1111027374721,7,1,74848
1111027374722,10,0,108020
1111027374723,7,1,75677
1111027374724,1,1,88516
1111027374726,6,1,49033
1111027374731,7,1,74639
1111027374734,10,0,78917
1111027374735,10,0,82715
1111027374737,10,1,88035
1111027374738,13,0,33443
1111027374744,1,1,98727
1111027374745,1,1,103869
1111027374747,7,1,50246
1111027374748,10,1,77120
1111027374749,13,0,34065
1111027374750,8,1,98686
1111027374751,7,1,78232
1111027374752,7,1,88114
1111027374753,1,1,56000
1111027374755,1,1,60650
1111027374756,7,1,68650
1111027374757,1,1,70154
1111027374762,7,0,86411
1111027374768,10,1,141922
1111027374772,7,1,91022
1111027374778,10,1,74274
1111027374783,10,1,95134
1111027374784,1,1,114538
1111027374785,10,1,116476
1111027374786,1,1,108362
1111027374787,1,1,111731
1111027374788,7,0,44062
1111027374790,7,1,74715
1111027374791,10,1,88803
1111027374792,7,1,72828
1111027374793,7,0,71592
1111027374795,1,1,72214
1111027374796,10,1,86316
1111027374797,10,1,89911
1111027374798,7,0,42868
1111027374799,7,0,44664
1111027374802,10,1,59015
1111027374804,1,1,92162
1111027374805,10,1,63676
1111027374806,10,1,59015
1111027374808,10,1,59015
1111027374809,10,1,92173
1111027374810,10,1,59015
1111027374812,3,0,51025
1111027374815,10,1,132048
1111027374818,7,1,82336
1111027374819,7,0,49782
1111027374820,4,0,33323
1111027374821,7,0,46789
1111027374824,4,0,33298
1111027374825,1,1,103051
1111027374827,11,0,45887
1111027374834,11,0,44118
1111027374837,6,0,38178
1111027374838,10,1,106697
1111027374839,10,1,56223
1111027374840,10,1,103277
1111027374844,7,0,49901
1111027374845,1,1,73703
1111027374846,7,0,43613
1111027374847,7,0,43616
1111027374850,10,1,59015
1111027374851,10,1,129983
1111027374852,1,1,59015
1111027374856,7,0,46867
1111027374857,7,1,45906
1111027374860,7,1,75022
1111027374862,1,1,55208
1111027374864,7,1,53074
1111027374866,10,1,110175
1111027374875,8,1,81503
1111027374879,7,0,36883
1111027374880,7,0,59015
1111027374881,7,0,43069
1111027374885,10,1,93964
1111027374886,10,1,94495
1111027374888,10,1,90647
1111027374889,10,1,94218
1111027374893,7,0,34966
1111027374894,7,1,80438
1111027374900,13,1,36508
1111027374901,10,1,74940
1111027374905,7,1,60200
1111027374906,10,0,129969
1111027374911,4,1,42527
1111027374915,6,0,46582
1111027374916,4,0,41003
1111027374920,1,1,68972
1111027374927,8,1,87274
1111027374928,8,1,92592
1111027374929,8,1,112605
1111027374932,4,1,42386
1111027374935,7,1,67826
1111027374936,7,1,63826
1111027374937,7,1,63816
1111027374941,8,1,71598
1111027374944,8,1,100274
1111027374948,1,1,59015
1111027374953,1,0,85711
1111027374954,2,1,51491
1111027374956,1,1,111751
1111027374958,10,1,99794
1111027374962,1,1,112252
1111027374965,1,1,112709
1111027374969,8,1,63230
1111027374970,2,1,50026
1111027374971,7,0,70693
1111027374973,7,1,61727
1111027374979,1,1,59015
1111027374980,1,1,97561
1111027374981,1,1,94525
1111027374982,7,1,67712
1111027374983,10,1,76024
1111027374985,7,1,80720
1111027374987,1,1,59015
1111027374989,1,1,125082
1111027374991,7,1,73792
1111027374993,1,1,112536
1111027374999,10,1,59015
1111027375000,7,1,63851
1111027375001,10,1,59015
1111027375002,10,1,59015
1111027375004,10,1,111273
1111027375006,10,1,85565
1111027375007,7,1,83240
1111027375009,7,1,98341
1111027375014,7,0,70997
1111027375015,7,0,61877
1111027375019,7,1,72170
1111027375022,10,0,81797
1111027375026,7,1,53017
1111027375027,8,0,60835
1111027375036,2,0,48941
1111027375038,7,1,56336
1111027375040,2,0,53478
1111027375047,7,1,53601
1111027375049,6,0,47794
1111027375050,7,1,54180
1111027375051,7,1,69767
1111027375053,10,1,155920
1111027375060,7,1,62022
1111027375062,7,0,68349
1111027375065,7,1,64025
1111027375066,7,0,61281
1111027375067,7,1,59262
1111027375068,7,0,67436
1111027375070,1,1,59015
1111027375073,7,0,59877
1111027375078,10,1,100073
1111027375079,8,1,69304
1111027375081,7,1,70221
1111027375082,7,1,71470
1111027375083,7,1,77339
1111027375084,7,1,80822
1111027375085,7,1,72776
1111027375086,7,1,68279
1111027375088,10,0,83759
1111027375089,10,1,78754
1111027375090,10,1,83827
1111027375092,10,1,100073
1111027375095,10,1,97271
1111027375103,10,1,80217
1111027375104,10,1,84021
1111027375106,7,1,49956
1111027375108,1,1,111030
1111027375110,1,1,85855
1111027375114,1,1,84131
1111027375115,1,1,65375
1111027375119,10,1,119827
1111027375120,10,1,109989
1111027375121,10,1,111889
1111027375123,7,1,55281
1111027375124,7,0,50845
1111027375126,10,1,86538
1111027375127,10,1,87270
1111027375132,7,0,43658
1111027375133,10,1,47387
1111027375135,6,1,45854
1111027375139,6,1,42111
1111027375141,7,1,55507
1111027375142,1,1,67507
1111027375143,10,0,88839
1111027375147,10,1,74746
1111027375149,10,1,76941
1111027375150,4,1,37054
1111027375151,11,0,36953
1111027375152,6,1,48343
1111027375153,6,1,47997
1111027375154,6,1,50014
1111027375155,10,1,77077
1111027375157,7,1,60333
1111027375158,7,1,77695
1111027375159,10,1,125296
1111027375161,7,1,84981
1111027375162,10,0,101480
1111027375165,10,1,59015
1111027375168,6,0,46387
1111027375169,7,1,63634
1111027375170,7,0,48859
1111027375171,7,1,67077
1111027375173,11,0,46711
1111027375176,6,0,36694
1111027375178,9,0,47066
1111027375180,1,1,60459
1111027375181,7,1,71958
1111027375182,7,1,68656
1111027375183,7,1,72945
1111027375184,7,1,68304
1111027375185,7,1,68685
1111027375186,7,1,69160
1111027375188,7,1,68665
1111027375189,7,1,78727
1111027375190,7,1,80548
1111027375191,6,1,37335
1111027375194,7,1,71061
1111027375195,7,1,65969
1111027375196,1,1,113927
1111027375197,1,1,102218
1111027375198,1,1,87404
1111027375199,1,1,94271
1111027375201,1,1,77051
1111027375202,1,1,97649
1111027375203,1,1,85073
1111027375204,1,1,99655
1111027375205,1,1,97906
1111027375206,1,1,102521
1111027375208,1,1,91208
1111027375209,1,1,94411
1111027375210,10,1,122264
1111027375214,1,1,103459
1111027375215,1,1,94155
1111027375216,7,1,67009
1111027375217,7,1,73815
1111027375219,7,1,75536
1111027375220,1,0,79684
1111027375221,7,1,69963
1111027375225,8,1,107405
1111027375226,7,1,50565
1111027375228,7,1,53955
1111027375229,7,1,67041
1111027375242,7,1,76949
1111027375245,10,1,144129
1111027375246,10,1,82356
1111027375248,8,1,77107
1111027375250,10,1,80615
1111027375257,10,0,122742
1111027375258,7,0,79860
1111027375259,1,0,84458
1111027375262,1,1,74016
1111027375265,1,1,105084
1111027375266,8,1,60618
1111027375268,7,1,69878
1111027375271,7,1,89512
1111027375273,7,1,49691
1111027375276,8,1,79739
1111027375277,1,1,44271
1111027375278,7,0,66296
1111027375280,1,1,112184
1111027375289,7,0,50947
1111027375301,10,1,88366
1111027375302,10,1,59015
1111027375317,7,1,62705
1111027375320,11,0,54117
1111027375321,11,0,53769
1111027375325,8,1,106132
1111027375331,10,1,89982
1111027375332,7,0,92909
1111027375334,7,1,81684
1111027375335,10,1,86271
1111027375336,10,1,101549
1111027375340,8,1,83015
1111027375345,7,1,70080
1111027375346,7,1,47203
1111027375347,7,1,57709
1111027375352,7,1,55722
1111027375353,2,0,38757
1111027375354,7,1,70719
1111027375355,7,1,69836
1111027375356,7,1,65931
1111027375357,7,1,65499
1111027375358,7,1,77020
1111027375361,7,1,74127
1111027375362,7,1,81214
1111027375363,7,1,76542
1111027375368,7,1,59015
1111027375375,7,1,45453
1111027375376,7,1,70082
1111027375380,4,1,43777
1111027375382,8,1,101206
1111027375383,6,1,44755
1111027375384,6,1,43641
1111027375389,7,1,71334
1111027375390,7,1,71457
1111027375391,7,1,71268
1111027375395,7,1,72315
1111027375396,7,1,74483
1111027375397,7,1,67425
1111027375398,7,1,69033
1111027375399,7,1,75861
1111027375400,7,1,71428
1111027375404,11,1,42785
1111027375405,7,1,64716
1111027375411,10,1,121108
1111027375415,7,1,75280
1111027375416,7,1,70574
1111027375419,7,1,71072
1111027375420,7,1,67606
1111027375422,7,0,79479
1111027375423,7,1,69042
1111027375424,7,1,57020
1111027375426,7,1,72160
1111027375427,10,1,86416
1111027375430,1,1,104629
1111027375431,1,1,97747
1111027375433,1,1,104213
1111027375434,10,1,115556
1111027375435,8,1,80774
1111027375440,2,0,47571
1111027375442,2,0,43437
1111027375444,2,0,46190
1111027375445,2,0,45437
1111027375453,7,1,76223
1111027375455,7,1,87457
1111027375456,7,1,52910
1111027375457,7,0,64544
1111027375458,7,0,59812
1111027375459,8,1,74258
1111027375460,1,0,102916
1111027375462,1,1,99634
1111027375464,1,1,89677
1111027375466,7,0,55456
1111027375467,6,0,59054
1111027375470,7,1,66938
1111027375472,1,1,59015
1111027375475,1,1,106851
1111027375477,1,1,103783
1111027375479,7,1,72822
1111027375487,7,1,65360
1111027375489,10,1,76381
1111027375490,8,1,87731
1111027375498,7,1,52158
1111027375501,7,1,85047
1111027375502,7,1,74841
1111027375503,7,1,86567
1111027375508,2,1,54134
1111027375509,2,0,50535
1111027375510,8,1,66883
1111027375513,2,0,45239
1111027375515,6,0,55111
1111027375519,2,0,56205
1111027375528,10,1,139350
1111027375529,10,1,155145
1111027375532,7,1,73523
1111027375533,7,1,48667
1111027375534,7,1,59366
1111027375535,7,1,57134
1111027375536,7,1,58907
1111027375537,7,1,62293
1111027375538,7,1,59002
1111027375540,10,1,52563
1111027375544,7,1,62564
1111027375553,8,0,61579
1111027375554,11,1,45024
1111027375562,8,0,70826
1111027375563,7,0,41983
1111027375565,11,0,40196
1111027375567,7,1,77343
1111027375568,10,1,131028
1111027375569,1,1,87505
1111027375570,10,1,122170
1111027375572,1,1,90665
1111027375573,1,1,76567
1111027375574,1,1,78980
1111027375576,1,1,106017
1111027375577,1,1,86828
1111027375578,1,1,96140
1111027375579,1,1,105511
1111027375580,1,1,108148
1111027375583,10,1,128939
1111027375584,11,0,45583
1111027375586,11,0,50209
1111027375589,6,1,40287
1111027375590,1,1,85178
1111027375591,7,1,66462
1111027375592,7,1,71958
1111027375593,7,1,64901
1111027375595,7,1,80176
1111027375596,7,0,73084
1111027375597,7,1,74834
1111027375598,7,1,74729
1111027375599,7,1,69012
1111027375600,7,0,72460
1111027375601,7,0,70100
1111027375602,7,1,68037
1111027375603,7,1,71432
1111027375605,7,0,69557
1111027375606,7,1,70240
1111027375607,1,1,91656
1111027375608,7,1,73871
1111027375609,7,1,75583
1111027375610,7,1,71475
1111027375613,7,0,81581
1111027375617,10,1,59015
1111027375620,7,0,62951
1111027375621,7,0,88248
1111027375622,7,0,81801
1111027375623,7,1,92164
1111027375624,7,1,70043
1111027375625,7,0,70292
1111027375627,7,1,66141
1111027375629,1,1,60686
1111027375632,1,1,63031
1111027375633,1,1,53925
1111027375634,7,0,69716
1111027375635,7,0,56107
1111027375636,7,0,63949
1111027375637,7,0,64574
1111027375640,10,1,127349
1111027375643,7,0,56335
1111027375644,8,0,66217
1111027375647,8,0,59533
1111027375650,7,1,91192
1111027375651,10,1,90461
1111027375653,8,1,73447
1111027375654,7,1,67001
1111027375655,7,1,62427
1111027375656,1,1,97274
1111027375657,1,1,89618
1111027375658,1,0,81104
1111027375660,1,1,87189
1111027375663,1,1,91391
1111027375667,7,0,72339
1111027375668,7,0,67384
1111027375669,7,1,64883
1111027375670,1,1,94203
1111027375671,7,1,71083
1111027375672,7,1,68049
1111027375673,7,1,72139
1111027375674,7,1,68495
1111027375675,7,1,68782
1111027375676,7,0,74295
1111027375677,7,0,69620
1111027375678,7,0,75566
1111027375686,7,1,72138
1111027375691,1,1,90003
1111027375697,10,1,107077
1111027375708,10,1,130541
1111027375710,8,0,87507
1111027375714,10,1,97716
1111027375716,10,1,95723
1111027375720,5,1,29747
1111027375723,6,1,37542
1111027375724,1,1,59015
1111027375725,1,1,92943
1111027375727,10,1,112599
1111027375729,1,0,89869
1111027375735,10,0,93030
1111027375736,10,0,90995
1111027375737,1,0,86257
1111027375738,8,0,47235
1111027375739,1,1,108193
1111027375742,6,0,33339
1111027375762,7,1,97549
1111027375772,6,0,46865
1111027375775,6,0,28497
1111027375776,7,1,40275
1111027375779,8,1,54890
1111027375782,1,0,158022
1111027375783,6,1,43211
1111027375796,8,1,106969
1111027375798,8,0,78043
1111027375807,10,0,113596
1111027375808,10,0,86713
1111027375810,10,1,73501
1111027375811,10,1,82629
1111027375813,10,1,80274
1111027375816,10,1,79035
1111027375817,10,1,59015
1111027375819,10,1,75122
1111027375820,10,1,105480
1111027375821,10,1,83779
1111027375822,10,1,59015
1111027375823,10,1,81803
1111027375825,10,1,83454
1111027375826,10,1,59015
1111027375827,1,1,108240
1111027375828,1,1,103404
1111027375829,1,1,91842
1111027375830,1,1,59015
1111027375831,5,0,32517
1111027375833,5,0,31844
1111027375834,5,0,30167
1111027375841,7,0,108901
1111027375844,7,1,51672
1111027375845,7,1,56315
1111027375846,8,0,84084
1111027375848,1,1,59673
1111027375850,10,0,75398
1111027375852,1,1,59015
1111027375855,6,1,41537
1111027375856,7,0,62613
1111027375859,4,1,39243
1111027375861,13,0,35971
1111027375862,12,0,37588
1111027375864,2,0,61243
1111027375866,2,0,55112
1111027375868,1,1,108442
1111027375870,10,1,36853
1111027375871,6,1,55551
1111027375872,9,0,50187
1111027375873,9,0,47270
1111027375874,9,0,49268
1111027375875,6,0,36774
1111027375876,7,1,68486
1111027375877,7,0,38960
1111027375878,7,1,51004
1111027375884,1,1,59015
1111027375888,1,1,42538
1111027375889,7,1,66300
1111027375890,7,1,67612
1111027375896,10,1,148962
1111027375904,6,0,43737
1111027375906,6,0,38033
1111027375908,6,0,44553
1111027375910,7,0,56542
1111027375911,10,1,136164
1111027375913,10,1,128054
1111027375918,6,0,46188
1111027375919,9,1,50059
1111027375922,6,0,55879
1111027375924,7,0,56733
1111027375926,6,0,44513
1111027375931,6,0,59015
1111027375933,1,1,90220
1111027375939,6,0,37221
1111027375941,6,0,29788
1111027375944,7,1,74259
1111027375945,7,0,54263
1111027375946,8,0,91440
1111027375947,6,0,43245
1111027375952,7,1,84440
1111027375954,7,1,63006
1111027375955,10,1,171180
1111027375960,7,1,84139
1111027375966,7,1,55339
1111027375969,7,1,61359
1111027375971,5,0,28671
1111027375972,10,1,59015
1111027375980,1,1,59015
1111027375984,7,1,79346
1111027375987,7,1,55113
1111027375989,6,0,28381
1111027375991,6,0,37155
1111027375994,6,0,36113
1111027375995,4,0,56901
1111027375997,7,1,40498
1111027375998,1,1,102029
1111027375999,10,1,96915
1111027376000,10,1,101269
1111027376001,10,1,86766
1111027376002,10,1,97436
1111027376004,1,1,95294
1111027376007,7,1,94252
1111027376008,8,0,63444
1111027376011,8,1,56690
1111027376012,10,1,106975
1111027376013,8,1,80645
1111027376014,7,1,57700
1111027376016,7,1,56893
1111027376017,7,1,50241
1111027376018,7,1,52265
1111027376019,7,1,54318
1111027376021,7,0,52938
1111027376022,7,1,62304
1111027376029,10,1,176279
1111027376030,10,1,123639
1111027376032,7,1,67798
1111027376033,11,0,54191
1111027376034,10,0,81467
1111027376036,7,0,40931
1111027376039,1,1,82623
1111027376042,1,1,101627
1111027376046,1,1,89520
1111027376048,1,1,66347
1111027376051,8,0,60502
1111027376053,10,1,98437
1111027376059,7,1,62091
1111027376061,7,1,62180
1111027376065,1,1,118729
1111027376066,1,0,108524
1111027376070,7,1,86204
1111027376071,10,1,107008
1111027376072,10,1,123897
1111027376078,8,1,80041
1111027376090,8,0,64451
1111027376091,11,1,37617
1111027376093,7,1,76558
1111027376094,7,1,72181
1111027376095,7,1,65357
1111027376096,7,1,65929
1111027376097,7,0,61280
1111027376098,7,0,57483
1111027376100,7,1,61250
1111027376101,8,1,132223
1111027376104,6,0,65465
1111027376109,7,1,33039
1111027376113,8,1,95162
1111027376122,8,1,80323
1111027376123,10,1,59015
1111027376127,7,1,76292
1111027376129,7,1,74926
1111027376136,8,1,74522
1111027376139,8,1,69804
1111027376146,10,1,90960
1111027376148,10,0,83424
1111027376153,8,1,75490
1111027376154,8,0,89849
1111027376159,8,0,76783
1111027376165,8,0,65768
1111027376169,8,1,67917
1111027376170,10,1,89152
1111027376171,10,1,101791
1111027376172,10,1,102814
1111027376173,10,1,98534
1111027376174,10,1,48538
1111027376175,10,1,99983
1111027376177,10,1,98249
1111027376178,10,1,91474
1111027376179,10,1,95969
1111027376180,10,1,109252
1111027376181,10,1,125847
1111027376182,10,1,109411
1111027376183,10,1,97413
1111027376184,10,1,99579
1111027376186,10,1,90816
1111027376187,10,1,97184
1111027376188,10,1,97344
1111027376189,10,1,110027
1111027376190,10,1,100448
1111027376191,10,1,97927
1111027376193,6,0,34249
1111027376194,6,0,46303
1111027376195,1,1,98871
1111027376200,10,1,93732
1111027376202,7,1,75993
1111027376204,7,1,77607
1111027376211,1,1,59015
1111027376212,1,1,122170
1111027376214,1,1,103730
1111027376219,7,1,65597
1111027376228,7,1,54948
1111027376229,7,1,58678
1111027376231,7,1,54920
1111027376233,7,1,55075
1111027376234,7,1,51791
1111027376235,7,0,50132
1111027376241,10,1,98860
1111027376242,10,1,110516
1111027376244,7,1,56021
1111027376247,10,0,110308
1111027376248,10,1,59015
1111027376250,6,0,36090
1111027376252,6,0,37883
1111027376253,7,0,40471
1111027376254,7,1,46667
1111027376255,7,0,52306
1111027376257,7,1,60785
1111027376259,7,1,51678
1111027376260,7,0,50643
1111027376264,10,0,129351
1111027376275,10,1,59848
1111027376276,7,1,56356
1111027376277,7,1,60098
1111027376278,8,1,90138
1111027376280,7,1,75074
1111027376284,1,1,88540
1111027376285,10,0,59015
1111027376286,10,0,59015
1111027376287,10,0,59015
1111027376289,10,1,93614
1111027376290,10,1,91292
1111027376294,10,0,85930
1111027376296,10,1,91041
1111027376297,10,0,59015
1111027376298,1,1,95189
1111027376301,7,0,54836
1111027376302,7,0,53659
1111027376303,7,0,54817
1111027376304,7,1,51116
1111027376305,9,0,48277
1111027376306,1,1,88580
1111027376307,7,1,50697
1111027376309,7,1,48886
1111027376310,9,1,43010
1111027376313,2,0,48528
1111027376314,10,1,105832
1111027376315,7,1,84090
1111027376321,7,1,86612
1111027376323,7,1,90506
1111027376325,1,1,59015
1111027376326,6,0,42374
1111027376334,11,0,45099
1111027376335,1,1,59015
1111027376337,10,1,84519
1111027376338,10,1,100252
1111027376341,10,1,97488
1111027376344,10,1,98271
1111027376345,10,1,89871
1111027376353,1,1,81849
1111027376354,7,0,46072
1111027376355,10,1,91130
1111027376358,6,1,45508
1111027376359,10,1,103858
1111027376361,8,1,89256
1111027376362,8,0,86687
1111027376363,8,1,81990
1111027376366,10,1,108413
1111027376382,10,1,86709
1111027376385,7,0,40311
1111027376394,4,0,44170
1111027376401,7,1,57710
1111027376402,2,1,58108
1111027376404,10,1,92576
1111027376405,10,1,101523
1111027376407,10,1,130295
1111027376416,8,1,83846
1111027376419,10,1,97697
1111027376424,2,1,57313
1111027376426,2,1,56442
1111027376433,6,0,31862
1111027376436,2,0,54824
1111027376438,3,1,42943
1111027376439,8,1,97360
1111027376441,4,1,46505
1111027376447,8,1,67774
1111027376448,8,1,96795
1111027376456,1,1,99153
1111027376459,1,1,112331
1111027376461,7,1,54961
1111027376465,7,0,59654
1111027376466,2,1,90048
1111027376467,6,1,37050
1111027376468,8,1,84024
1111027376471,7,1,103076
1111027376473,2,1,59414
1111027376474,7,0,52258
1111027376481,10,1,91507
1111027376484,2,1,58741
1111027376486,10,1,114296
1111027376488,10,1,45804
1111027376491,7,1,61421
1111027376493,1,1,97466
1111027376495,1,1,96284
1111027376498,1,1,116232
1111027376499,1,1,109686
1111027376500,1,1,101318
1111027376502,1,1,126398
1111027376503,1,1,114033
1111027376504,1,1,128668
1111027376507,11,1,46318
1111027376510,6,1,29023
1111027376511,8,0,92672
1111027376512,6,1,40077
1111027376515,6,1,38375
1111027376516,6,1,37201
1111027376517,6,1,40293
1111027376521,1,1,142742
1111027376524,10,1,83020
1111027376529,2,1,64123
1111027376530,2,1,58737
1111027376531,7,0,67053
1111027376532,1,1,78593
1111027376534,11,1,39787
1111027376538,7,1,77867
1111027376540,7,1,46655
1111027376542,10,0,83772
1111027376543,10,0,87843
1111027376551,1,1,78286
1111027376554,7,0,53661
1111027376555,8,0,73200
1111027376564,10,1,106865
1111027376565,6,0,36650
1111027376566,6,0,38520
1111027376567,2,1,57634
1111027376568,6,0,36436
1111027376569,10,1,66143
1111027376570,7,1,68910
1111027376571,1,1,89744
1111027376572,11,0,40933
1111027376585,8,0,89521
1111027376593,8,1,91462
1111027376599,1,1,96040
1111027376600,7,1,57991
1111027376601,1,1,87048
1111027376602,8,1,89992
1111027376606,8,0,86004
1111027376610,8,1,101934
1111027376611,8,1,88754
1111027376613,8,0,87590
1111027376614,8,0,83338
1111027376623,10,0,59015
1111027376625,8,0,55321
1111027376626,1,1,97830
1111027376634,7,0,51085
1111027376635,2,0,48789
1111027376636,10,1,97105
1111027376638,10,1,78504
1111027376641,10,0,59015
1111027376646,8,1,78256
1111027376648,7,1,73442
1111027376649,7,1,68352
1111027376650,7,1,63426
1111027376652,1,1,93106
1111027376653,10,0,59015
1111027376655,10,0,77554
1111027376656,10,0,59015
1111027376657,7,1,49667
1111027376659,7,0,60038
1111027376660,7,1,52458
1111027376661,7,1,52918
1111027376662,7,1,54507
1111027376663,7,1,47553
1111027376664,7,1,54945
1111027376665,1,1,72429
1111027376666,1,1,114157
1111027376667,1,1,94542
1111027376668,7,1,75870
1111027376669,1,1,96977
1111027376670,1,1,106634
1111027376673,7,1,42160
1111027376675,7,0,55778
1111027376676,1,1,92427
1111027376678,7,0,45177
1111027376679,7,0,60013
1111027376680,7,0,41805
1111027376681,7,0,46142
1111027376682,7,0,44670
1111027376683,7,0,44510
1111027376686,8,1,94597
1111027376687,7,1,58126
1111027376689,6,1,43655
1111027376690,7,1,61178
1111027376692,10,1,128623
1111027376697,10,0,87885
1111027376698,10,1,92676
1111027376699,10,1,92638
1111027376702,10,1,66200
1111027376712,1,0,63114
1111027376714,2,0,38925
1111027376717,10,0,81457
1111027376718,10,0,87088
1111027376719,10,0,86953
1111027376720,10,0,77781
1111027376721,10,0,78990
1111027376723,12,0,36358
1111027376726,4,1,37374
1111027376727,7,1,66036
1111027376735,1,0,66495
1111027376741,2,1,55915
1111027376742,1,1,59015
1111027376743,11,1,49350
1111027376744,11,0,49897
1111027376748,1,1,117682
1111027376754,10,1,96357
1111027376757,10,1,139641
1111027376758,9,0,58689
1111027376759,10,1,98370
1111027376761,1,1,110027
1111027376762,1,1,59015
1111027376763,1,1,99729
1111027376764,1,1,107022
1111027376768,7,1,66753
1111027376769,1,1,106452
1111027376770,1,1,59015
1111027376771,10,1,91962
1111027376778,6,1,53456
1111027376786,2,0,43332
1111027376787,10,1,106314
1111027376788,6,0,47772
1111027376789,7,1,65985
1111027376790,4,0,46692
1111027376792,7,1,76209
1111027376794,1,1,56478
1111027376795,8,0,70486
1111027376814,2,1,57556
1111027376819,7,1,73341
1111027376820,7,1,77040
1111027376821,7,1,87329
1111027376824,7,0,45406
1111027376825,10,1,59015
1111027376826,7,0,35943
1111027376827,7,1,66983
1111027376828,1,1,86671
1111027376831,7,1,64195
1111027376833,10,1,59015
1111027376834,11,0,30000
1111027376835,10,1,120269
1111027376836,1,1,104241
1111027376839,7,1,55868
1111027376840,7,1,52723
1111027376841,7,1,43322
1111027376842,7,1,44000
1111027376843,7,1,41998
1111027376849,7,1,70921
1111027376856,11,1,42649
1111027376862,1,1,75365
1111027376864,7,0,48316
1111027376865,7,1,50306
1111027376866,7,1,56533
1111027376867,7,1,49652
1111027376868,7,1,48075
1111027376870,7,1,49260
1111027376871,7,1,43502
1111027376872,7,0,48740
1111027376873,10,1,132635
1111027376874,6,0,37896
1111027376876,6,0,38020
1111027376877,6,1,40863
1111027376879,1,1,59015
1111027376881,1,0,59015
1111027376882,1,1,101465
1111027376884,6,0,37478
1111027376886,1,1,59015
1111027376889,1,1,61681
1111027376890,10,1,104532
1111027376895,7,1,73688
1111027376896,8,1,72311
1111027376899,1,1,102139
1111027376900,1,1,95638
1111027376907,8,1,75858
1111027376909,7,1,54616
1111027376911,8,1,70141
1111027376915,7,1,61931
1111027376916,1,1,78508
1111027376918,1,1,81362
1111027376920,10,1,59015
1111027376922,1,1,59015
1111027376925,10,1,148769
1111027376927,10,1,59015
1111027376929,2,1,50645
1111027376931,1,1,118435
1111027376940,8,0,87534
1111027376947,6,0,29838
1111027376948,6,0,30972
1111027376949,6,0,28181
1111027376950,6,0,35031
1111027376959,8,1,117529
1111027376961,7,1,63012
1111027376963,2,1,52097
1111027376966,2,1,50273
1111027376967,2,1,48883
1111027376970,7,1,70305
1111027376971,8,1,56608
1111027376974,7,0,65718
1111027376979,7,1,75528
1111027376981,7,0,60966
1111027376983,7,1,63657
1111027376986,2,1,50684
1111027376988,2,1,54571
1111027376991,1,1,59499
1111027376996,10,1,92532
1111027376997,6,0,52466
1111027377000,7,1,45332
1111027377001,7,0,47699
1111027377007,8,1,58183
1111027377011,10,1,108448
1111027377013,6,0,44883
1111027377014,6,0,47733
1111027377016,1,1,49770
1111027377017,10,1,119449
1111027377018,10,0,107453
1111027377019,10,1,136073
1111027377020,7,1,44680
1111027377021,7,1,51007
1111027377023,1,1,78197
1111027377024,2,1,62947
1111027377025,7,0,47736
1111027377036,8,0,82347
1111027377050,7,1,55275
1111027377051,7,1,64602
1111027377052,7,1,106925
1111027377053,3,0,36545
1111027377054,3,0,54842
1111027377057,7,1,70894
1111027377058,7,1,73287
1111027377059,7,1,76305
1111027377060,7,1,68844
1111027377061,8,0,85478
1111027377065,9,1,44300
1111027377066,9,1,42930
1111027377067,9,1,42944
1111027377070,8,0,97294
1111027377073,1,1,122763
1111027377074,1,1,104557
1111027377075,1,1,59015
1111027377076,1,1,121724
1111027377077,1,1,123223
1111027377078,1,1,59015
1111027377080,7,1,59950
1111027377081,7,1,83975
1111027377088,7,0,44672
1111027377089,6,0,47487
1111027377090,2,0,58853
1111027377095,4,0,52370
1111027377099,1,1,107682
1111027377102,7,1,41753
1111027377103,7,0,41390
1111027377106,2,1,49293
1111027377111,10,0,85290
1111027377117,10,0,79710
1111027377124,8,0,69369
1111027377126,10,1,107754
1111027377128,7,0,52254
1111027377131,7,1,69706
1111027377133,7,1,66280
1111027377139,1,1,100553
1111027377140,1,1,97616
1111027377141,1,1,101558
1111027377143,10,0,84672
1111027377145,8,1,69883
1111027377146,10,1,135995
1111027377149,9,0,55180
1111027377152,7,1,73741
1111027377153,7,1,54188
1111027377154,7,1,59536
1111027377157,7,1,63185
1111027377158,7,1,50884
1111027377162,8,1,98181
1111027377164,13,1,38883
1111027377166,13,0,40113
1111027377168,13,1,42884
1111027377169,7,0,60877
1111027377170,2,1,52394
1111027377171,7,1,33939
1111027377172,7,1,64444
1111027377174,9,0,63657
1111027377176,7,1,53226
1111027377179,10,1,102282
1111027377182,7,1,58438
1111027377184,4,1,45296
1111027377189,10,1,113538
1111027377190,1,1,34443
1111027377191,6,0,54857
1111027377196,10,1,144524
1111027377203,2,1,59645
1111027377207,2,0,47814
1111027377211,11,0,43196
1111027377214,7,1,31686
1111027377217,6,0,36912
1111027377222,6,0,38062
1111027377223,8,0,77151
1111027377225,1,1,96969
1111027377228,7,1,45052
1111027377229,6,0,37918
1111027377231,7,1,48890
1111027377233,10,1,119435
1111027377234,1,1,56427
1111027377245,7,0,66919
1111027377261,10,1,70262
1111027377262,2,1,59703
1111027377263,2,0,71559
1111027377266,2,1,51147
1111027377276,2,1,53301
1111027377281,7,1,70650
1111027377284,11,1,41048
1111027377289,6,1,34346
1111027377291,7,1,77927
1111027377292,7,1,84282
1111027377293,7,1,74411
1111027377294,7,1,89261
1111027377295,7,1,85938
1111027377296,7,1,76388
1111027377297,7,1,53106
1111027377298,7,0,51252
1111027377299,7,1,91698
1111027377301,2,0,54673
1111027377305,10,1,45254
1111027377312,1,1,79511
1111027377314,10,1,69362
1111027377317,7,1,85059
1111027377318,7,1,40470
1111027377319,8,0,59972
1111027377325,7,1,53538
1111027377326,8,0,61273
1111027377327,10,1,119949
1111027377328,7,0,78713
1111027377329,5,1,31088
1111027377330,4,0,35885
1111027377332,8,1,96480
1111027377333,7,0,58976
1111027377334,6,0,54892
1111027377336,8,1,66933
1111027377342,7,1,56798
1111027377343,13,1,54715
1111027377345,10,1,79816
1111027377346,7,1,54729
1111027377349,10,1,59015
1111027377350,10,0,146874
1111027377351,1,1,84031
1111027377352,7,1,58282
1111027377354,7,1,59070
1111027377356,8,1,101916
1111027377357,7,1,61520
1111027377358,7,1,56983
1111027377361,4,0,52753
1111027377362,4,0,49073
1111027377363,4,0,55358
1111027377364,7,1,58885
1111027377367,7,0,59488
1111027377369,7,1,56583
1111027377370,7,1,59440
1111027377372,7,1,58919
1111027377374,10,0,59015
1111027377375,8,0,51449
1111027377376,5,1,30846
1111027377378,7,1,92196
1111027377381,7,1,58572
1111027377384,7,1,64181
1111027377385,7,1,67899
1111027377388,2,0,79885
1111027377390,1,1,69605
1111027377399,1,1,59015
1111027377400,1,1,79422
1111027377401,7,0,43397
1111027377405,2,0,51741
1111027377406,1,1,63876
1111027377407,7,1,64560
1111027377408,7,1,55616
1111027377409,7,1,73126
1111027377410,7,1,68153
1111027377411,1,1,67927
1111027377412,1,1,62467
1111027377413,1,1,65928
1111027377416,7,1,43307
1111027377418,6,0,44780
1111027377422,8,1,90260
1111027377424,8,1,128755
1111027377425,7,1,51746
1111027377430,13,1,50837
1111027377435,1,1,98739
1111027377437,7,1,58245
1111027377440,10,1,88019
1111027377441,13,1,47930
1111027377448,7,1,76285
1111027377451,13,0,49442
1111027377453,7,0,51522
1111027377454,7,1,53114
1111027377455,7,1,61368
1111027377456,7,1,61117
1111027377457,7,1,40018
1111027377458,7,0,50038
1111027377461,7,1,55082
1111027377462,7,1,66252
1111027377463,7,1,54988
1111027377464,7,0,52048
1111027377466,7,1,57361
1111027377467,7,0,52816
1111027377468,7,0,55708
1111027377469,7,1,52012
1111027377474,7,1,46480
1111027377475,7,1,69261
1111027377480,7,0,68537
1111027377484,7,1,90017
1111027377485,2,0,61773
1111027377486,8,0,62382
1111027377490,2,1,47552
1111027377493,2,1,51991
1111027377494,2,1,48415
1111027377496,8,0,62145
1111027377498,8,0,64432
1111027377499,1,1,82541
1111027377501,1,1,82323
1111027377502,1,1,73976
1111027377503,7,1,62758
1111027377507,2,1,36432
1111027377509,2,1,56242
1111027377510,7,0,71193
1111027377512,7,0,67738
1111027377513,7,1,76025
1111027377518,10,1,123501
1111027377521,7,1,39509
1111027377523,8,0,63244
1111027377528,7,1,76529
1111027377530,8,0,65533
1111027377531,8,0,67922
1111027377532,2,0,41507
1111027377534,2,0,52046
1111027377539,2,1,51467
1111027377543,6,0,45281
1111027377548,1,1,63088
1111027377550,7,1,98889
1111027377551,7,1,57934
1111027377553,6,0,49861
1111027377555,6,0,50000
1111027377557,6,0,45724
1111027377563,7,1,72082
1111027377566,6,1,52197
1111027377568,1,1,59015
1111027377570,10,1,74306
1111027377575,5,0,33783
1111027377578,5,0,34373
1111027377581,6,1,57479
1111027377582,9,0,45958
1111027377585,10,0,76091
1111027377586,6,1,53549
1111027377588,7,1,71180
1111027377589,7,0,73113
1111027377590,7,0,42290
1111027377591,7,0,43729
1111027377592,7,0,49135
1111027377595,7,1,75559
1111027377597,7,0,84945
1111027377604,7,1,84715
1111027377605,10,1,110955
1111027377614,1,1,97111
1111027377627,6,0,53125
1111027377629,7,0,48868
1111027377631,1,1,72245
1111027377632,8,1,114029
1111027377634,7,1,56752
1111027377641,10,1,104115
1111027377642,10,0,83936
1111027377648,2,0,68026
1111027377655,7,0,72832
1111027377660,4,0,38841
1111027377664,7,1,60964
1111027377665,7,0,67501
1111027377669,7,1,60587
1111027377676,7,1,72452
1111027377677,7,0,72283
1111027377678,7,1,85231
1111027377679,7,1,83083
1111027377680,7,0,81428
1111027377681,7,0,95535
1111027377692,2,0,62697
1111027377694,2,0,60049
1111027377698,2,0,60007
1111027377702,8,1,108638
1111027377704,10,1,98957
1111027377707,11,0,44501
1111027377713,7,1,81698
1111027377715,7,0,54914
1111027377717,8,1,87420
1111027377718,6,1,47958
1111027377720,6,1,55131
1111027377721,6,1,43544
1111027377722,10,0,81221
1111027377723,1,1,71466
1111027377736,7,1,115414
1111027377738,1,1,72246
1111027377740,7,1,95184
1111027377741,7,1,87553
1111027377745,7,1,70165
1111027377747,1,1,59015
1111027377748,6,1,56236
1111027377750,6,0,57480
1111027377751,6,0,56238
1111027377752,6,0,39177
1111027377753,6,0,84543
1111027377754,6,0,77508
1111027377756,6,0,75164
1111027377758,6,0,56117
1111027377759,6,0,73623
1111027377763,10,0,79030
1111027377765,10,0,81258
1111027377766,10,0,84454
1111027377768,7,0,63584
1111027377769,7,1,83273
1111027377770,1,1,79938
1111027377774,7,1,49781
1111027377776,6,0,57290
1111027377780,8,1,80206
1111027377781,7,1,52924
1111027377784,7,0,66128
1111027377788,8,1,89975
1111027377789,8,0,76569
1111027377794,12,0,36923
1111027377797,7,1,46484
1111027377798,7,0,81392
1111027377799,7,0,81853
1111027377800,11,1,42519
1111027377801,11,1,44842
1111027377802,1,1,113855
1111027377804,11,0,40026
1111027377805,7,1,53656
1111027377806,7,0,78260
1111027377807,7,0,42508
1111027377808,7,1,57901
1111027377809,6,1,24224
1111027377813,7,1,66892
1111027377814,7,1,69318
1111027377816,1,1,59015
1111027377818,8,0,91180
1111027377819,7,0,37419
1111027377820,7,1,71842
1111027377824,8,1,96798
1111027377826,9,1,56659
1111027377835,1,1,99662
1111027377839,7,0,79320
1111027377842,7,0,76054
1111027377844,2,0,43463
1111027377853,10,0,113541
1111027377854,10,0,75058
1111027377856,10,0,101931
1111027377871,7,0,73469
1111027377875,10,0,47557
1111027377876,11,0,41142
1111027377879,13,0,47194
1111027377882,13,0,35734
1111027377883,11,1,38615
1111027377884,10,1,134917
1111027377889,9,0,49964
1111027377890,10,1,178672
1111027377891,6,0,48852
1111027377892,6,1,47153
1111027377893,11,0,43663
1111027377897,3,0,45728
1111027377905,8,1,85761
1111027377915,8,1,67932
1111027377917,6,1,41887
1111027377920,10,1,131786
1111027377922,1,1,95102
1111027377923,1,1,90620
1111027377927,7,1,40971
1111027377930,7,1,52999
1111027377932,1,1,87411
1111027377935,1,0,93124
1111027377936,12,0,39994
1111027377937,11,0,45161
1111027377938,7,1,62476
1111027377940,6,1,38647
1111027377941,10,1,96989
1111027377942,2,1,52774
1111027377943,6,0,37961
1111027377944,6,1,37402
1111027377945,6,0,35386
1111027377946,6,1,37382
1111027377947,6,1,43190
1111027377950,6,0,47698
1111027377953,6,1,45149
1111027377954,6,1,43429
1111027377956,6,1,40004
1111027377957,3,1,54282
1111027377959,7,1,51610
1111027377960,7,1,56356
1111027377970,1,1,73525
1111027377971,1,1,70364
1111027377981,2,1,58192
1111027377987,10,1,121734
1111027377988,1,1,62691
1111027377990,7,1,66766
1111027377991,7,1,56638
1111027377992,7,1,66888
1111027377994,4,0,41324
1111027377996,6,1,47677
1111027377999,1,1,117042
1111027378000,1,1,120817
1111027378001,1,1,143596
1111027378004,7,1,54582
1111027378005,7,0,58984
1111027378006,7,1,79557
1111027378007,7,1,58935
1111027378009,10,1,91091
1111027378010,7,1,60578
1111027378011,6,0,33858
1111027378014,3,1,58612
1111027378015,13,0,37328
1111027378021,7,1,41165
1111027378022,1,1,106452
1111027378023,10,1,133455
1111027378024,10,1,132045
1111027378025,10,1,138746
1111027378026,10,1,116074
1111027378029,10,1,87104
1111027378031,10,1,122738
1111027378035,10,1,97691
1111027378040,10,1,97655
1111027378043,10,1,103409
1111027378044,7,1,63555
1111027378045,2,1,71463
1111027378047,10,1,99346
1111027378049,10,1,99267
1111027378050,10,1,97063
1111027378054,7,0,44274
1111027378058,9,0,51471
1111027378061,7,1,89497
1111027378062,1,1,143613
1111027378063,1,1,93927
1111027378069,7,1,74468
1111027378071,7,1,61239
1111027378073,10,1,89617
1111027378078,1,1,77356
1111027378082,2,0,60793
1111027378090,1,0,85734
1111027378091,1,0,80721
1111027378092,1,0,92380
1111027378093,1,0,81561
1111027378094,1,0,84947
1111027378095,1,0,83841
1111027378096,1,0,78729
1111027378097,1,0,83573
1111027378098,8,1,53639
1111027378100,7,1,71106
1111027378102,7,1,45932
1111027378107,1,1,73675
1111027378109,6,1,46308
1111027378110,6,1,41560
1111027378111,6,1,40638
1111027378112,6,1,44326
1111027378113,6,0,43210
1111027378114,6,1,41629
1111027378116,7,1,63918
1111027378118,10,1,118496
1111027378119,4,1,38263
1111027378122,6,1,48527
1111027378128,8,0,69655
1111027378129,1,1,70081
1111027378130,10,1,143580
1111027378131,6,0,49144
1111027378132,10,1,113563
1111027378133,10,1,102573
1111027378136,13,1,45162
1111027378137,6,1,53740
1111027378138,6,1,48298
1111027378139,6,1,49242
1111027378146,8,1,81308
1111027378149,4,0,30673
1111027378150,4,0,46232
1111027378159,6,0,41411
1111027378160,6,0,37735
1111027378161,6,0,46642
1111027378162,6,0,50903
1111027378163,7,0,77395
1111027378164,6,0,59015
1111027378165,6,1,47674
1111027378166,6,0,46059
1111027378168,6,0,45733
1111027378170,8,1,61954
1111027378174,4,1,40927
1111027378178,11,0,42490
1111027378182,7,1,64765
1111027378183,7,0,69439
1111027378184,7,1,70481
1111027378185,3,0,51427
1111027378187,10,1,107635
1111027378189,10,1,59015
1111027378190,10,1,71195
1111027378192,7,0,42812
1111027378193,7,1,55746
1111027378197,8,1,127430
1111027378200,10,1,80885
1111027378205,11,1,44910
1111027378207,6,1,42878
1111027378208,6,1,41355
1111027378209,6,1,42044
1111027378210,2,1,55099
1111027378211,6,0,39052
1111027378212,6,1,37700
1111027378213,6,0,39995
1111027378215,6,0,42145
1111027378216,10,1,128489
1111027378219,10,1,90172
1111027378220,10,1,91793
1111027378223,13,1,38243
1111027378224,8,1,71309
1111027378226,6,1,50663
1111027378230,8,1,74710
1111027378232,7,1,59630
1111027378234,6,1,52980
1111027378235,6,1,46352
1111027378236,2,0,64575
1111027378240,1,1,102831
1111027378241,7,1,52182
1111027378243,4,0,34068
1111027378245,7,1,71853
1111027378246,2,1,64661
1111027378247,7,1,61195
1111027378248,10,0,129541
1111027378251,11,0,46086
1111027378253,8,1,89952
1111027378254,8,1,91201
1111027378257,1,1,137036
1111027378258,7,1,59606
1111027378259,8,0,64316
1111027378261,7,1,57625
1111027378263,8,1,79366
1111027378266,8,0,81208
1111027378268,6,0,65811
1111027378270,2,1,51318
1111027378272,1,1,62487
1111027378276,9,0,72074
1111027378278,9,0,64797
1111027378282,8,1,71385
1111027378283,7,1,65170
1111027378284,7,1,61392
1111027378302,2,1,54338
1111027378305,7,1,65820
1111027378308,6,0,42786
1111027378309,6,0,41055
1111027378310,6,0,41888
1111027378315,10,1,107807
1111027378317,6,0,44944
1111027378318,8,0,60019
1111027378320,7,0,92387
1111027378321,10,1,93736
1111027378323,10,1,76650
1111027378324,10,1,99247
1111027378326,10,0,79259
1111027378327,10,1,75337
1111027378328,10,0,75112
1111027378330,10,1,78122
1111027378331,10,1,82214
1111027378332,10,1,91299
1111027378335,10,1,82437
1111027378336,7,1,52870
1111027378338,1,1,59015
1111027378339,8,0,85418
1111027378340,13,0,39895
1111027378347,8,1,79553
1111027378348,8,0,112353
1111027378350,7,1,59025
1111027378355,10,1,73001
1111027378359,4,0,37362
1111027378360,8,1,74745
1111027378361,8,1,68063
1111027378362,8,1,100694
1111027378365,7,1,48510
1111027378367,7,1,59307
1111027378369,7,0,49012
1111027378372,2,1,49765
1111027378373,13,0,31536
1111027378374,13,0,31282
1111027378379,7,1,50133
1111027378380,7,1,56764
1111027378381,7,1,53315
1111027378383,7,1,42064
1111027378385,2,1,64652
1111027378386,4,0,44850
1111027378389,1,1,128851
1111027378391,1,1,109937
1111027378396,6,0,36014
1111027378397,9,0,39694
1111027378400,9,0,44074
1111027378401,9,0,39314
1111027378402,9,0,42744
1111027378404,6,0,70498
1111027378405,7,0,55740
1111027378407,7,0,34875
1111027378409,8,1,83520
1111027378411,7,1,26611
1111027378414,8,0,51668
1111027378415,6,0,40090
1111027378416,1,1,92626
1111027378417,1,1,97882
1111027378418,1,1,85466
1111027378419,10,1,100053
1111027378422,8,0,61080
1111027378423,10,1,99350
1111027378426,1,1,59015
1111027378427,8,1,62825
1111027378433,6,0,38712
1111027378435,7,0,70113
1111027378436,10,0,73683
1111027378437,1,1,59015
1111027378438,1,1,77087
1111027378440,7,1,67803
1111027378442,8,0,81024
1111027378444,8,1,94490
1111027378448,1,1,93375
1111027378456,2,0,38845
1111027378457,7,1,73291
1111027378459,1,1,67987
1111027378463,10,0,71216
1111027378465,10,1,89144
1111027378467,10,1,129547
1111027378470,10,0,80051
1111027378471,1,1,59015
1111027378473,2,1,50104
1111027378480,7,1,86459
1111027378489,7,1,59015
1111027378491,1,1,128168
1111027378492,7,1,57680
1111027378493,7,1,57047
1111027378494,7,1,54558
1111027378498,1,1,84003
1111027378500,10,1,91461
1111027378502,10,1,88356
1111027378505,7,1,57510
1111027378506,7,1,76413
1111027378507,6,1,42282
1111027378509,7,1,59819
1111027378510,7,0,58225
1111027378511,10,1,82644
1111027378514,10,1,87761
1111027378515,10,0,89585
1111027378517,2,1,51027
1111027378519,10,1,85565
1111027378521,7,1,63732
1111027378522,7,0,70059
1111027378523,10,0,84184
1111027378528,10,1,79007
1111027378533,10,1,75806
1111027378536,1,1,59015
1111027378539,2,0,44440
1111027378540,6,1,54231
1111027378541,8,1,109300
1111027378546,7,1,71021
1111027378547,8,1,87008
1111027378548,10,1,80312
1111027378553,10,1,78887
1111027378556,10,1,101767
1111027378557,10,1,107483
1111027378559,10,1,104520
1111027378560,10,1,103070
1111027378562,10,1,104643
1111027378563,9,0,53389
1111027378564,10,1,102643
1111027378565,1,1,122506
1111027378567,2,0,52166
1111027378568,7,0,53433
1111027378569,6,0,28158
1111027378571,7,0,38468
1111027378574,7,0,39605
1111027378575,6,0,42614
1111027378578,1,1,87137
1111027378581,10,1,140065
1111027378582,2,1,49214
1111027378593,2,1,54000
1111027378611,7,1,54832
1111027378612,7,0,56874
1111027378614,7,1,70309
1111027378621,7,0,47402
1111027378623,1,1,59015
1111027378625,10,0,98264
1111027378628,10,0,98415
1111027378632,10,0,88134
1111027378636,10,0,101712
1111027378637,10,0,98400
1111027378638,7,1,64818
1111027378644,10,1,83923
1111027378645,10,1,78040
1111027378646,10,1,85701
1111027378647,10,1,79638
1111027378648,10,1,81354
1111027378649,10,1,79525
1111027378654,10,1,83234
1111027378656,1,1,59015
1111027378657,7,1,59744
1111027378659,2,0,42163
1111027378662,2,0,43943
1111027378663,7,1,75707
1111027378670,10,1,101309
1111027378671,8,1,79959
1111027378674,10,0,81213
1111027378676,8,1,102188
1111027378679,1,1,103860
1111027378682,7,1,67188
1111027378683,13,0,35730
1111027378685,7,1,56151
1111027378686,7,1,77070
1111027378689,2,1,55470
1111027378695,7,1,60001
1111027378699,2,1,56473
1111027378701,7,1,56974
1111027378702,1,1,117896
1111027378707,12,0,35181
1111027378708,10,1,85659
1111027378709,10,1,89908
1111027378712,7,1,59730
1111027378716,9,1,45610
1111027378717,9,1,48284
1111027378719,8,1,94911
1111027378721,7,1,61293
1111027378722,2,1,52347
1111027378724,2,1,59124
1111027378726,2,1,57838
1111027378728,2,1,55141
1111027378736,7,1,84981
1111027378737,1,1,90389
1111027378739,1,1,99446
1111027378740,7,1,57180
1111027378741,7,1,55151
1111027378745,7,1,62380
1111027378748,6,0,33247
1111027378749,6,0,31438
1111027378758,7,0,58444
1111027378762,2,0,60456
1111027378764,10,1,80495
1111027378766,1,1,86380
1111027378768,10,1,97238
1111027378771,10,1,91902
1111027378774,10,1,59015
1111027378778,10,1,101149
1111027378779,10,0,112788
1111027378781,10,1,102929
1111027378782,8,1,111220
1111027378786,8,1,57958
1111027378788,1,1,59015
1111027378789,4,1,45310
1111027378790,4,1,43458
1111027378791,7,1,58449
1111027378792,10,1,66340
1111027378796,8,0,77823
1111027378818,1,0,112696
1111027378831,10,1,133006
1111027378833,13,1,40128
1111027378835,13,1,43874
1111027378836,13,0,34332
1111027378837,7,1,69126
1111027378840,8,0,74064
1111027378842,7,1,56653
1111027378844,8,0,60822
1111027378846,4,0,49957
1111027378849,6,0,30278
1111027378850,7,1,97118
1111027378851,1,1,59015
1111027378852,1,1,105500
1111027378853,1,1,75184
1111027378860,4,0,40213
1111027378865,10,1,59015
1111027378867,7,0,89347
1111027378868,1,1,90270
1111027378870,1,1,93143
1111027378873,10,0,88813
1111027378874,10,1,179563
1111027378875,10,1,149872
1111027378877,1,1,88256
1111027378878,10,1,105325
1111027378881,1,1,88092
1111027378882,7,1,77336
1111027378885,8,1,82987
1111027378886,1,0,101833
1111027378887,1,1,85287
1111027378889,1,1,80845
1111027378890,7,1,73994
1111027378891,1,1,102103
1111027378892,1,1,93931
1111027378893,1,1,86456
1111027378894,1,1,108304
1111027378895,7,1,54439
1111027378896,7,1,58118
1111027378900,10,1,111218
1111027378902,7,1,24975
1111027378904,4,0,48717
1111027378908,6,0,27952
1111027378909,6,1,44394
1111027378910,10,1,76162
1111027378913,8,0,60611
1111027378914,6,0,48615
1111027378915,6,0,51924
1111027378919,10,1,59015
1111027378921,10,1,59015
1111027378928,2,0,47734
1111027378929,10,1,99594
1111027378931,8,0,59957
1111027378938,4,0,41347
1111027378940,9,0,51436
1111027378942,6,1,38208
1111027378943,7,0,66791
1111027378945,6,1,37612
1111027378946,2,0,43889
1111027378951,8,0,68148
1111027378953,1,1,59015
1111027378956,1,1,90413
1111027378957,1,1,59015
1111027378963,8,1,56523
1111027378966,8,0,65278
1111027378968,4,1,41149
1111027378970,4,0,40430
1111027378981,10,1,93400
1111027378984,10,1,105215
1111027378991,11,1,42525
1111027378992,11,1,45031
1111027378996,10,1,118423
1111027378997,10,0,123029
1111027378998,10,1,92360
1111027378999,7,1,70291
1111027379000,2,0,43366
1111027379002,10,1,83390
1111027379003,7,0,58862
1111027379007,6,1,43884
1111027379011,7,0,47475
1111027379017,4,1,40453
1111027379018,7,1,88193
1111027379019,9,0,57942
1111027379020,6,0,36705
1111027379022,6,0,38562
1111027379026,8,0,80715
1111027379027,8,1,98890
1111027379028,7,0,94584
1111027379029,7,1,94063
1111027379030,7,1,95151
1111027379032,11,0,35675
1111027379035,10,0,80170
1111027379036,2,0,56964
1111027379037,4,0,47122
1111027379038,10,0,70596
1111027379039,7,1,64109
1111027379045,7,0,75142
1111027379046,7,1,75933
1111027379049,10,0,80678
1111027379053,1,1,97786
1111027379056,8,0,48997
1111027379057,7,1,101599
1111027379060,7,1,67038
1111027379061,7,1,53781
1111027379063,5,0,35310
1111027379065,2,1,43696
1111027379066,7,0,42755
1111027379068,7,0,56812
1111027379069,7,1,90299
1111027379070,10,1,94460
1111027379075,7,1,72391
1111027379076,10,1,127532
1111027379078,7,0,81279
1111027379081,7,0,39856
1111027379082,7,0,59023
1111027379085,6,0,48886
1111027379088,1,1,59015
1111027379091,10,1,99419
1111027379098,3,0,49300
1111027379107,7,1,89330
1111027379111,7,0,71881
1111027379116,2,0,81880
1111027379118,6,0,30519
1111027379119,6,0,36625
1111027379130,8,0,89026
1111027379132,10,1,94570
1111027379148,10,0,51378
1111027379152,7,1,45616
1111027379153,7,1,81582
1111027379158,10,1,126113
1111027379159,7,0,37824
1111027379160,7,0,35083
1111027379162,8,1,92400
1111027379169,4,0,41471
1111027379171,8,0,63665
1111027379173,8,1,78864
1111027379175,7,0,48420
1111027379180,7,0,48169
1111027379186,8,0,85111
1111027379191,7,1,68332
1111027379192,7,1,65441
1111027379193,8,1,77837
1111027379194,1,1,59015
1111027379196,7,1,58204
1111027379197,7,1,67222
1111027379198,7,0,78113
1111027379201,7,1,53730
1111027379203,7,1,78726
1111027379206,7,1,57736
1111027379207,10,0,124680
1111027379208,10,0,119778
1111027379210,2,1,50828
1111027379212,2,0,51192
1111027379213,2,0,47482
1111027379215,7,0,73473
1111027379217,8,0,56762
1111027379219,6,1,42567
1111027379220,11,1,46078
1111027379225,7,0,61212
1111027379226,7,0,53324
1111027379227,7,0,55493
1111027379229,7,0,58963
1111027379231,7,1,71712
1111027379234,7,1,63914
1111027379241,10,1,111834
1111027379246,7,1,76694
1111027379247,7,1,64989
1111027379248,7,1,67681
1111027379249,10,1,116259
1111027379250,6,0,38558
1111027379251,7,1,65909
1111027379252,7,1,91822
1111027379254,1,1,54103
1111027379255,4,0,35321
1111027379257,6,0,42170
1111027379259,11,0,32117
1111027379260,6,0,33423
1111027379262,7,0,46135
1111027379264,7,1,62470
1111027379265,10,0,127398
1111027379266,2,0,66193
1111027379268,7,1,64473
1111027379269,10,1,98353
1111027379275,4,0,31774
1111027379283,2,0,54824
1111027379284,2,0,58174
1111027379285,2,1,56808
1111027379287,11,1,48244
1111027379288,3,0,54918
1111027379289,10,1,121817
1111027379292,7,1,68319
1111027379294,2,1,52214
1111027379296,2,1,53205
1111027379297,7,1,45307
1111027379301,10,1,82035
1111027379302,7,0,60436
1111027379303,7,1,77225
1111027379304,7,1,61913
1111027379305,6,0,40337
1111027379306,7,1,68712
1111027379310,6,0,34691
1111027379311,6,0,35102
1111027379313,6,0,42395
1111027379314,7,1,53142
1111027379315,7,1,70022
1111027379316,4,1,52902
1111027379317,7,1,75090
1111027379319,7,1,46339
1111027379321,7,1,69698
1111027379323,7,1,62456
1111027379326,7,1,59213
1111027379329,1,1,69990
1111027379332,7,1,62232
1111027379335,7,0,53983
1111027379336,7,1,47352
1111027379338,7,1,47079
1111027379340,7,1,41072
1111027379343,1,1,129890
1111027379348,1,1,130725
1111027379349,1,1,118631
1111027379351,1,1,115955
1111027379352,1,1,122883
1111027379353,1,1,101270
1111027379358,7,1,64245
1111027379361,7,1,72141
1111027379363,7,0,57090
1111027379365,2,0,51970
1111027379370,11,0,50908
1111027379372,7,1,82517
1111027379373,8,0,96125
1111027379380,7,0,88345
1111027379382,7,1,74397
1111027379383,7,1,67929
1111027379384,2,1,45346
1111027379386,7,0,62634
1111027379387,7,1,33053
1111027379389,2,0,63517
1111027379390,7,1,78682
1111027379391,7,0,72381
1111027379394,7,1,82608
1111027379397,6,1,54156
1111027379398,7,0,74614
1111027379399,7,1,53191
1111027379400,7,1,59270
1111027379401,7,1,58803
1111027379402,7,0,53758
1111027379404,7,1,55798
1111027379405,8,0,60555
1111027379406,6,0,46048
1111027379408,10,0,128320
1111027379409,10,0,127445
1111027379410,10,1,123204
1111027379411,10,1,100445
1111027379412,10,0,110628
1111027379413,10,1,101236
1111027379414,10,1,118940
1111027379415,10,0,100334
1111027379416,10,1,104664
1111027379417,10,1,107916
1111027379418,10,1,126202
1111027379419,10,0,118900
1111027379420,10,1,104574
1111027379421,10,1,100112
1111027379422,8,1,95291
1111027379423,10,1,103533
1111027379424,10,1,122504
1111027379426,1,1,59015
1111027379427,10,1,80800
1111027379428,10,1,113826
1111027379429,10,0,133021
1111027379430,10,0,129857
1111027379431,10,0,111073
1111027379437,7,1,65357
1111027379439,8,0,66683
1111027379440,1,1,72546
1111027379442,7,1,56126
1111027379445,10,1,90381
1111027379446,10,1,95951
1111027379450,7,1,66900
1111027379451,7,0,69530
1111027379452,7,1,68960
1111027379456,7,1,65720
1111027379457,7,1,77534
1111027379458,7,1,65934
1111027379460,8,0,70362
1111027379461,7,1,46814
1111027379462,1,1,84368
1111027379468,4,0,36774
1111027379480,7,1,59015
1111027379482,7,1,50425
1111027379483,7,1,50436
1111027379484,7,1,56265
1111027379487,10,1,93971
1111027379488,7,1,81813
1111027379489,7,0,55053
1111027379491,10,1,93628
1111027379493,8,0,75509
1111027379494,13,0,51223
1111027379497,8,0,62924
1111027379500,10,1,82911
1111027379502,6,1,76355
1111027379503,7,1,66771
1111027379505,7,1,52587
1111027379509,6,1,27117
1111027379510,10,1,75179
1111027379512,10,1,80547
1111027379513,10,1,81284
1111027379514,10,1,77737
1111027379515,6,0,45933
1111027379516,10,1,104198
1111027379520,7,0,43127
1111027379521,7,1,44288
1111027379523,10,1,117634
1111027379524,7,1,73675
1111027379525,7,1,31650
1111027379528,10,1,145316
1111027379532,7,0,43406
1111027379535,7,0,38491
1111027379536,7,0,41597
1111027379537,7,0,41587
1111027379538,10,1,78152
1111027379539,7,0,55373
1111027379543,1,1,92359
1111027379544,5,0,26625
1111027379545,10,1,59015
1111027379546,10,1,99416
1111027379547,11,1,44385
1111027379550,7,1,65210
1111027379551,7,0,75868
1111027379552,8,0,85229
1111027379558,7,0,92375
1111027379559,7,0,80807
1111027379560,7,1,89166
1111027379562,7,0,88592
1111027379566,13,0,40453
1111027379567,7,0,92358
1111027379569,1,1,95356
1111027379570,1,0,86880
1111027379571,1,1,103064
1111027379573,8,1,89925
1111027379574,6,0,27382
1111027379578,2,1,52889
1111027379580,10,1,111850
1111027379599,7,1,66952
1111027379605,13,0,44235
1111027379607,1,1,86806
1111027379616,7,1,59881
1111027379618,7,1,50426
1111027379622,7,1,98858
1111027379625,7,1,57119
1111027379626,13,0,34694
1111027379632,10,1,78372
1111027379633,7,1,59416
1111027379636,13,0,35434
1111027379638,8,0,80401
1111027379642,10,1,80699
1111027379643,7,1,79235
1111027379644,10,1,87843
1111027379645,13,0,42336
1111027379647,7,1,75789
1111027379649,1,1,58221
1111027379650,7,1,75991
1111027379651,1,1,61550
1111027379652,7,1,70543
1111027379653,7,1,74408
1111027379654,7,1,67419
1111027379655,7,1,75302
1111027379656,7,1,66716
1111027379657,7,0,70655
1111027379659,1,1,155772
1111027379661,7,1,68202
1111027379663,7,1,69760
1111027379664,6,0,33905
1111027379666,10,1,83849
1111027379667,7,1,58502
1111027379668,7,1,70924
1111027379669,7,1,64972
1111027379670,7,1,64403
1111027379671,7,1,64327
1111027379677,8,1,84583
1111027379678,8,1,91577
1111027379682,8,1,89988
1111027379686,8,1,94351
1111027379689,4,0,68041
1111027379690,10,1,77104
1111027379696,1,1,72760
1111027379697,1,1,83749
1111027379701,10,1,89334
1111027379704,1,1,92146
1111027379716,1,1,59829
1111027379717,1,1,63976
1111027379718,1,1,65274
1111027379719,1,1,69370
1111027379720,1,1,61243
1111027379725,2,1,52970
1111027379726,1,1,89697
1111027379727,1,1,93293
1111027379732,7,1,67292
1111027379739,7,0,67745
1111027379746,10,1,72425
1111027379749,7,1,63892
1111027379751,3,0,55220
1111027379765,1,1,45280
1111027379767,10,1,165561
1111027379776,11,1,42930
1111027379777,11,1,42790
1111027379783,7,1,49933
1111027379785,7,1,71727
1111027379787,6,0,46276
1111027379788,1,1,92246
1111027379795,7,1,50564
1111027379798,8,1,74493
1111027379799,6,0,43281
1111027379800,3,0,32802
1111027379801,1,1,120834
1111027379803,10,1,109407
1111027379804,7,1,83321
1111027379805,7,1,77472
1111027379806,10,1,59015
1111027379807,1,1,103503
1111027379809,7,1,86581
1111027379815,7,0,59015
1111027379818,7,1,64395
1111027379819,11,0,46049
1111027379822,1,1,62010
1111027379826,13,1,42076
1111027379828,10,1,91803
1111027379830,9,0,52160
1111027379834,7,1,58955
1111027379836,2,0,59419
1111027379840,6,0,29383
1111027379841,7,1,70685
1111027379842,7,1,66650
1111027379845,6,0,37479
1111027379849,6,0,46278
1111027379850,3,0,42697
1111027379853,13,0,32776
1111027379854,8,1,99095
1111027379858,1,1,117630
1111027379859,1,1,109114
1111027379860,1,1,106899
1111027379861,1,1,110409
1111027379865,10,1,101734
1111027379866,7,1,68063
1111027379867,7,1,66744
1111027379868,7,1,69700
1111027379869,7,1,63427
1111027379870,7,1,67859
1111027379871,7,1,65706
1111027379872,7,1,64120
1111027379873,7,1,66764
1111027379874,7,1,61591
1111027379875,7,1,60949
1111027379876,7,1,64987
1111027379879,7,1,66171
1111027379887,8,0,78759
1111027379888,1,1,87766
1111027379889,7,1,62595
1111027379895,2,0,66214
1111027379899,10,1,59015
1111027379900,10,1,132627
1111027379901,2,1,27632
1111027379906,7,0,62952
1111027379910,7,0,28039
1111027379911,10,1,102125
1111027379913,2,0,73377
1111027379915,1,1,90309
1111027379916,7,1,53232
1111027379917,7,1,65354
1111027379918,6,0,39766
1111027379919,6,0,37289
1111027379920,6,0,40386
1111027379923,10,0,80408
1111027379924,10,1,80682
1111027379925,10,1,90624
1111027379926,10,1,84116
1111027379927,10,1,81124
1111027379930,10,1,131589
1111027379931,10,1,155123
1111027379934,10,1,94627
1111027379936,10,1,99876
1111027379941,10,0,106800
1111027379943,6,1,40084
1111027379944,10,1,74142
1111027379960,10,1,115483
1111027379961,2,1,59395
1111027379963,2,1,58959
1111027379964,2,1,62231
1111027379966,10,1,120725
1111027379971,7,0,68789
1111027379973,7,0,50816
1111027379974,10,1,73910
1111027379975,10,1,121269
1111027379976,10,1,85955
1111027379983,10,1,103264
1111027379985,7,1,81544
1111027379986,10,1,109330
1111027379987,10,1,66697
1111027379989,10,1,83243
1111027379991,6,0,35150
1111027379995,10,1,98698
1111027379997,2,1,52814
1111027380000,11,1,47875
1111027380001,10,1,72037
1111027380003,7,1,62479
1111027380004,7,1,61882
1111027380005,7,1,61237
1111027380007,7,1,59420
1111027380008,10,1,91932
1111027380009,1,1,75786
1111027380010,7,0,51863
1111027380011,7,0,60134
1111027380012,7,1,44856
1111027380013,1,1,99065
1111027380016,1,1,77783
1111027380018,1,1,73922
1111027380019,1,1,76584
1111027380021,1,0,91782
1111027380023,1,1,117300
1111027380024,7,1,66957
1111027380027,1,1,54424
1111027380028,1,1,76306
1111027380030,1,1,73524
1111027380034,7,0,43990
1111027380035,5,0,31653
1111027380038,1,0,72389
1111027380040,6,0,36869
1111027380041,6,0,38983
1111027380042,6,0,35931
1111027380043,6,0,38281
1111027380044,6,0,39114
1111027380045,6,0,39940
1111027380046,6,1,35393
1111027380047,6,1,36629
1111027380048,6,1,35396
1111027380049,6,0,38156
1111027380050,6,0,36411
1111027380051,6,0,40934
1111027380052,7,0,46392
1111027380053,6,1,37661
1111027380054,6,1,33820
1111027380055,6,1,34439
1111027380056,3,0,46927
1111027380057,6,0,38384
1111027380062,8,1,65882
1111027380064,8,1,78350
1111027380068,10,0,82600
1111027380069,6,0,53652
1111027380071,2,1,48853
1111027380074,4,0,41055
1111027380075,7,1,83591
1111027380077,7,1,68351
1111027380088,6,1,46280
1111027380091,7,1,77143
1111027380092,1,1,80462
1111027380093,1,1,67995
1111027380094,1,1,81193
1111027380096,1,1,78804
1111027380097,1,1,78505
1111027380098,1,1,82930
1111027380099,6,0,24941
1111027380100,10,0,63154
1111027380101,7,1,129361
1111027380103,7,1,74239
1111027380104,10,0,106212
1111027380105,10,0,113284
1111027380106,7,1,51773
1111027380107,7,1,57797
1111027380111,1,1,68323
1111027380112,1,1,66402
1111027380114,1,1,68519
1111027380117,7,1,60110
1111027380120,7,1,93224
1111027380125,7,1,77726
1111027380126,8,1,91516
1111027380127,8,1,75239
1111027380129,8,1,85645
1111027380135,8,1,80032
1111027380138,13,0,37870
1111027380141,8,0,94204
1111027380143,7,1,73820
1111027380146,10,1,93305
1111027380148,7,1,86465
1111027380149,7,1,69470
1111027380153,8,1,90629
1111027380157,10,0,80133
1111027380166,8,1,74104
1111027380167,2,1,64953
1111027380168,1,1,59015
1111027380169,7,0,72148
1111027380170,10,1,113481
1111027380171,7,1,79774
1111027380174,6,0,38119
1111027380178,6,0,42127
1111027380179,6,0,39939
1111027380185,2,1,70638
1111027380189,6,0,45019
1111027380190,6,0,29584
1111027380191,6,0,22651
1111027380193,6,0,35621
1111027380200,6,0,45301
1111027380216,7,1,90807
1111027380217,7,0,45375
1111027380222,6,0,34535
1111027380227,9,0,48951
1111027380230,6,0,24604
1111027380233,6,0,38308
1111027380239,1,1,107251
1111027380241,8,1,93951
1111027380242,1,1,107168
1111027380244,7,1,76016
1111027380245,8,1,98937
1111027380246,6,0,44785
1111027380248,7,1,72972
1111027380252,10,1,60906
1111027380254,7,1,68452
1111027380255,10,1,59015
1111027380258,7,0,43325
1111027380259,7,1,64469
1111027380260,7,1,55784
1111027380262,10,1,97851
1111027380263,10,1,111689
1111027380265,8,1,84890
1111027380266,8,1,73475
1111027380269,8,0,76567
1111027380271,8,0,84606
1111027380282,8,1,80380
1111027380285,1,1,97705
1111027380288,1,1,138622
1111027380289,1,1,114407
1111027380293,8,0,65996
1111027380302,7,1,65595
1111027380303,7,1,67092
1111027380306,10,1,59015
1111027380309,7,1,60812
1111027380310,7,1,64178
1111027380311,7,1,57780
1111027380312,7,1,55316
1111027380314,1,1,113229
1111027380317,7,1,60348
1111027380318,7,1,54777
1111027380319,10,1,113175
1111027380320,7,1,59510
1111027380322,7,1,66864
1111027380323,1,1,81876
1111027380324,1,1,93700
1111027380329,13,0,44446
1111027380330,7,1,77211
1111027380331,10,1,59015
1111027380332,10,1,101452
1111027380333,7,0,71215
1111027380334,7,0,48809
1111027380337,8,1,74141
1111027380345,2,1,70205
1111027380346,2,1,57890
1111027380361,6,1,64122
1111027380362,10,0,84302
1111027380367,2,1,53235
1111027380369,6,0,49428
1111027380370,10,1,134983
1111027380372,10,0,120339
1111027380373,10,0,123654
1111027380378,7,1,65860
1111027380380,2,1,57053
1111027380382,10,1,73192
1111027380384,10,1,107650
1111027380386,2,1,50952
1111027380387,2,1,60602
1111027380392,6,0,38866
1111027380395,6,0,31091
1111027380396,6,0,32857
1111027380402,7,0,40116
1111027380403,7,0,39571
1111027380406,7,1,65702
1111027380407,8,1,87962
1111027380409,6,0,34641
1111027380410,6,0,31485
1111027380422,8,1,127805
1111027380424,8,1,91263
1111027380429,2,0,63742
1111027380430,10,1,95137
1111027380431,6,0,49371
1111027380433,8,0,85683
1111027380434,7,1,85570
1111027380436,7,1,57814
1111027380454,8,1,99216
1111027380460,8,0,102396
1111027380464,8,1,105652
1111027380472,7,1,55884
1111027380475,8,1,103630
1111027380476,8,1,83166
1111027380485,7,1,50164
1111027380488,1,1,63379
1111027380497,10,1,102195
1111027380498,10,1,92379
1111027380501,7,1,72467
1111027380502,10,1,92748
1111027380503,7,1,63841
1111027380504,10,1,98237
1111027380505,10,1,94302
1111027380506,10,1,129029
1111027380514,7,1,59186
1111027380515,7,1,60026
1111027380517,7,1,51255
1111027380518,7,1,56489
1111027380520,2,0,52101
1111027380521,2,1,56819
1111027380525,8,1,81204
1111027380533,2,1,57673
1111027380537,10,1,72455
1111027380544,8,1,78261
1111027380545,1,1,112036
1111027380548,8,1,82481
1111027380550,7,1,50166
1111027380552,10,1,90067
1111027380562,10,1,59015
1111027380566,10,0,94989
1111027380567,1,1,74909
1111027380568,10,0,87304
1111027380573,7,1,66102
1111027380574,7,1,64161
1111027380577,7,1,65931
1111027380578,7,1,64238
1111027380579,7,1,66670
1111027380587,7,1,58229
1111027380593,10,1,89752
1111027380594,10,1,75491
1111027380595,10,1,86818
1111027380596,10,1,81391
1111027380599,10,1,118375
1111027380601,10,1,88283
1111027380606,6,0,32379
1111027380610,2,0,48942
1111027380611,7,1,103114
1111027380612,7,1,52106
1111027380618,10,0,59015
1111027380621,10,1,133828
1111027380622,7,1,82168
1111027380623,6,0,47992
1111027380624,11,0,37897
1111027380626,11,0,36885
1111027380627,11,0,41407
1111027380628,11,0,43244
1111027380629,10,1,109892
1111027380637,1,1,59015
1111027380639,1,1,77274
1111027380641,2,1,46009
1111027380645,10,1,107645
1111027380650,7,0,62021
1111027380656,10,1,101676
1111027380659,10,1,127321
1111027380660,10,0,129754
1111027380662,10,0,120726
1111027380664,3,1,45943
1111027380668,7,0,74566
1111027380671,9,0,46335
1111027380673,1,1,65109
1111027380678,8,1,84427
1111027380679,2,0,47726
1111027380680,7,1,58128
1111027380681,7,1,61408
1111027380683,7,0,50112
1111027380684,7,1,54276
1111027380686,7,1,44796
1111027380687,4,0,41367
1111027380688,10,0,66778
1111027380689,8,1,104613
1111027380691,7,1,72473
1111027380693,1,1,121707
1111027380695,10,0,128345
1111027380696,1,1,85092
1111027380697,10,0,130635
1111027380701,7,0,71853
1111027380703,7,1,56881
1111027380704,7,1,80504
1111027380705,10,0,129835
1111027380706,10,0,134587
1111027380707,10,0,130297
1111027380716,10,0,136619
1111027380717,1,1,88526
1111027380720,8,0,68479
1111027380722,8,0,87365
1111027380725,10,1,119855
1111027380729,7,1,61993
1111027380731,7,0,82311
1111027380732,11,0,43455
1111027380733,2,0,58954
1111027380734,10,1,59015
1111027380736,7,1,69186
1111027380738,7,1,72579
1111027380742,7,1,72282
1111027380746,7,1,71083
1111027380749,7,1,69414
1111027380750,7,1,75155
1111027380751,7,1,71003
1111027380753,1,1,59015
1111027380759,7,1,72965
1111027380762,7,1,69496
1111027380763,7,1,60933
1111027380767,1,1,55827
1111027380768,1,1,58449
1111027380769,1,1,62167
1111027380770,1,1,56462
1111027380772,1,1,68176
1111027380773,1,1,62062
1111027380789,10,1,108539
1111027380792,10,1,131810
1111027380795,10,1,127119
1111027380796,10,1,132870
1111027380805,10,1,77119
1111027380811,7,1,89860
1111027380812,10,1,59015
1111027380814,10,1,109782
1111027380816,10,1,81588
1111027380820,2,1,47480
1111027380822,2,1,51836
1111027380825,2,1,48935
1111027380826,10,1,76920
1111027380827,10,1,98975
1111027380828,10,1,76617
1111027380837,6,0,35347
1111027380839,1,1,73119
1111027380840,10,1,101481
1111027380843,7,1,72130
1111027380847,11,1,47048
1111027380848,7,1,35630
1111027380853,10,1,86875
1111027380856,10,0,79386
1111027380857,7,1,76971
1111027380858,3,0,32924
1111027380862,10,1,99997
1111027380871,7,1,84349
1111027380872,6,0,35860
1111027380878,1,1,85870
1111027380884,4,0,38959
1111027380887,1,1,82971
1111027380888,10,1,59015
1111027380890,1,1,89043
1111027380893,1,1,80890
1111027380894,10,1,80976
1111027380895,7,1,63401
1111027380896,7,1,66177
1111027380897,1,1,91725
1111027380899,7,1,91697
1111027380903,7,1,75776
1111027380904,7,1,72061
1111027380905,7,1,68734
1111027380906,7,1,69386
1111027380907,7,1,71188
1111027380909,7,1,72753
1111027380911,1,1,92338
1111027380913,7,1,73123
1111027380914,6,0,30340
1111027380916,1,1,95448
1111027380917,10,1,92565
1111027380926,1,1,59015
1111027380929,7,1,77424
1111027380930,1,1,95392
1111027380931,1,1,87809
1111027380935,10,1,122334
1111027380939,10,1,101489
1111027380940,10,1,104250
1111027380942,10,1,102277
1111027380943,10,1,102068
1111027380945,10,1,116003
1111027380949,10,1,97025
1111027380953,10,1,121193
1111027380954,10,1,128683
1111027380956,7,1,72926
1111027380960,7,1,52749
1111027380965,2,1,67822
1111027380966,10,1,71046
1111027380971,9,0,42325
1111027380977,10,1,75358
1111027380978,7,1,42324
1111027380983,4,0,44396
1111027380987,10,1,128397
1111027380988,10,0,121904
1111027380990,4,0,36914
1111027380991,4,0,34506
1111027380993,1,1,59015
1111027380995,8,1,70958
1111027380996,8,1,52390
1111027381003,6,1,50205
1111027381005,1,1,96498
1111027381011,1,1,104751
1111027381012,1,1,106210
1111027381013,1,1,112534
1111027381014,1,1,111567
1111027381018,10,1,103202
1111027381020,10,1,111665
1111027381021,7,0,56631
1111027381023,10,1,76922
1111027381028,10,1,101845
1111027381039,2,0,51144
1111027381044,2,0,55055
1111027381046,11,0,37601
1111027381053,10,0,83245
1111027381054,10,1,81637
1111027381055,10,0,81321
1111027381056,10,1,59015
1111027381059,10,0,122633
1111027381060,2,1,49715
1111027381062,2,1,53098
1111027381063,10,0,105479
1111027381065,2,1,58941
1111027381066,2,1,58524
1111027381067,8,1,72168
1111027381072,11,0,35854
1111027381074,10,0,93002
1111027381078,8,1,90890
1111027381083,10,1,85921
1111027381087,1,1,110718
1111027381090,10,1,112339
1111027381092,2,1,56451
1111027381096,1,1,84921
1111027381101,7,1,67308
1111027381104,10,1,109755
1111027381108,10,1,108724
1111027381112,10,1,127944
1111027381113,10,1,132451
1111027381115,10,1,59015
1111027381116,10,1,102684
1111027381122,9,0,44043
1111027381130,8,1,103248
1111027381138,8,1,95282
1111027381142,8,1,92027
1111027381158,10,1,122396
1111027381159,7,0,67624
1111027381160,1,1,92522
1111027381162,1,1,116117
1111027381163,4,0,36258
1111027381164,1,1,90360
1111027381167,1,1,51331
1111027381168,10,1,121006
1111027381171,10,1,137663
1111027381172,10,1,121341
1111027381174,1,1,62588
1111027381192,10,1,59015
1111027381193,10,1,129589
1111027381194,10,1,134788
1111027381198,10,1,59015
1111027381209,7,1,63664
1111027381211,11,0,48163
1111027381219,11,0,46249
1111027381222,1,1,148155
1111027381224,1,1,59015
1111027381225,7,1,57548
1111027381231,10,1,130791
1111027381238,7,0,62851
1111027381250,1,1,116904
1111027381254,10,0,126393
1111027381257,10,1,128359
1111027381260,10,1,130740
1111027381264,10,0,123801
1111027381266,10,1,132240
1111027381268,10,1,132507
1111027381269,10,0,134198
1111027381270,10,0,135229
1111027381271,10,0,137111
1111027381275,10,1,59015
1111027381284,10,1,133064
1111027381288,10,1,111445
1111027381291,10,1,99603
1111027381292,10,1,89148
1111027381293,10,1,92127
1111027381301,8,1,97372
1111027381304,8,0,79198
1111027381305,9,0,50041
1111027381306,10,1,64403
1111027381308,10,1,104366
1111027381311,6,1,37439
1111027381312,1,1,111182
1111027381313,1,1,88755
1111027381314,10,1,95480
1111027381315,10,1,158737
1111027381324,13,1,39215
1111027381325,7,1,37951
1111027381326,2,1,56538
1111027381327,10,1,120149
1111027381328,1,1,77662
1111027381332,10,1,93942
1111027381336,1,1,81854
1111027381343,8,1,70328
1111027381347,1,1,79901
1111027381349,7,1,50916
1111027381353,7,1,93200
1111027381357,7,1,65355
1111027381363,4,0,46634
1111027381364,1,1,120447
1111027381366,6,0,40712
1111027381367,1,1,103883
1111027381377,7,0,64312
1111027381383,7,0,66647
1111027381384,7,1,65882
1111027381386,8,0,75478
1111027381399,8,0,77025
1111027381402,4,0,30795
1111027381403,13,0,43947
1111027381407,1,1,67515
1111027381409,7,1,56652
1111027381416,7,0,67756
1111027381418,7,0,68380
1111027381421,6,0,33840
1111027381423,2,0,39342
1111027381424,8,0,75739
1111027381425,1,1,93182
1111027381427,2,0,38705
1111027381428,5,0,32460
1111027381430,2,0,39408
1111027381432,2,0,39835
1111027381435,10,1,59015
1111027381442,1,1,83588
1111027381443,1,1,99743
1111027381444,4,0,37228
1111027381447,8,1,84771
1111027381454,7,1,55992
1111027381455,8,1,80321
1111027381456,10,1,72569
1111027381457,10,1,108547
1111027381458,10,1,100239
1111027381460,10,1,98973
1111027381465,10,1,115648
1111027381466,10,1,95537
1111027381467,10,1,96627
1111027381468,10,1,93960
1111027381469,10,1,97028
1111027381470,10,1,87575
1111027381473,1,1,91970
1111027381474,1,1,82774
1111027381477,1,1,85514
1111027381479,1,1,89013
1111027381482,2,1,62417
1111027381484,8,1,82764
1111027381485,7,1,59015
1111027381486,8,0,67445
1111027381488,7,1,70861
1111027381489,1,1,78706
1111027381490,10,0,83881
1111027381498,6,0,38163
1111027381499,10,1,71253
1111027381500,7,1,80441
1111027381501,7,1,62480
1111027381502,10,1,80447
1111027381503,10,0,95861
1111027381504,10,0,94477
1111027381505,10,0,89209
1111027381506,10,0,96342
1111027381508,10,0,90102
1111027381509,7,1,73061
1111027381510,7,0,67062
1111027381512,10,0,81504
1111027381514,2,0,55753
1111027381515,7,0,72567
1111027381517,3,0,33518
1111027381518,13,1,38143
1111027381520,1,1,85383
1111027381523,7,1,75302
1111027381524,7,1,71466
1111027381525,13,1,36953
1111027381529,2,1,44116
1111027381533,8,0,76934
1111027381537,7,1,48937
1111027381543,2,0,51327
1111027381544,7,0,84680
1111027381546,9,1,47958
1111027381547,6,0,34863
1111027381548,7,1,49307
1111027381549,6,0,34628
1111027381551,7,1,45596
1111027381554,8,0,70947
1111027381558,10,1,105890
1111027381582,1,0,74095
1111027381583,1,1,73591
1111027381584,1,0,71858
1111027381585,1,1,66784
1111027381588,7,0,50636
1111027381596,3,0,54666
1111027381597,8,0,65799
1111027381601,8,1,92121
1111027381614,8,1,81571
1111027381626,3,1,43080
1111027381629,10,1,98269
1111027381631,7,0,60452
1111027381634,1,1,79773
1111027381636,10,1,76520
1111027381647,7,1,77310
1111027381655,1,1,92742
1111027381658,7,1,53241
1111027381661,2,1,66712
1111027381665,7,1,66042
1111027381666,7,1,63959
1111027381667,4,1,43252
1111027381668,10,1,152118
1111027381670,7,0,72529
1111027381671,8,0,65057
1111027381674,7,0,41261
1111027381675,13,0,42284
1111027381677,7,0,100577
1111027381679,7,1,68178
1111027381686,7,1,81186
1111027381691,7,1,65630
1111027381699,1,1,59015
1111027381702,2,1,57277
1111027381703,2,1,57372
1111027381704,2,1,58879
1111027381705,2,1,60244
1111027381707,7,1,68650
1111027381709,8,1,92721
1111027381710,1,1,79490
1111027381711,1,1,91904
1111027381713,7,1,72718
1111027381714,7,0,60427
1111027381718,10,0,113247
1111027381719,7,0,62702
1111027381727,11,1,57333
1111027381728,7,1,86141
1111027381735,7,0,60631
1111027381738,2,0,43567
1111027381739,1,1,57243
1111027381740,7,1,52638
1111027381741,11,0,49798
1111027381742,7,1,73449
1111027381744,8,0,63813
1111027381745,4,1,45110
1111027381746,13,0,42342
1111027381749,8,0,65567
1111027381751,13,0,29574
1111027381754,8,0,70230
1111027381756,4,1,45149
1111027381757,13,0,30962
1111027381760,7,1,62297
1111027381766,7,1,53286
1111027381768,10,1,75744
1111027381772,8,0,83122
1111027381775,10,1,84448
1111027381776,1,1,80941
1111027381778,10,1,70502
1111027381779,10,1,87863
1111027381788,10,1,105720
1111027381790,7,1,46410
1111027381793,11,1,40242
1111027381794,7,1,61239
1111027381797,11,0,40745
1111027381799,7,1,57658
1111027381800,7,0,59392
1111027381801,10,1,89350
1111027381802,9,0,50227
1111027381804,9,0,56192
1111027381805,9,0,48773
1111027381810,7,1,158952
1111027381812,9,0,56973
1111027381816,7,1,60204
1111027381818,11,0,37527
1111027381821,2,1,56527
1111027381824,3,0,47498
1111027381826,7,1,60027
1111027381829,7,1,50982
1111027381832,8,0,83100
1111027381835,1,1,80128
1111027381839,1,1,59015
1111027381840,1,1,110945
1111027381841,1,1,116788
1111027381843,1,1,126043
1111027381844,8,1,84580
1111027381846,1,0,81649
1111027381849,2,0,63326
1111027381850,2,0,64917
1111027381851,2,0,60129
1111027381854,10,1,124854
1111027381855,13,0,41276
1111027381856,7,1,60653
1111027381858,7,1,40350
1111027381863,1,1,91512
1111027381865,4,0,45246
1111027381867,7,1,103884
1111027381868,6,0,26885
1111027381869,10,1,85041
1111027381870,13,0,34626
1111027381871,2,0,62103
1111027381879,7,0,71539
1111027381881,13,0,37937
1111027381883,10,1,81624
1111027381888,9,0,49154
1111027381891,2,0,41148
1111027381893,6,1,33241
1111027381894,10,1,120359
1111027381897,13,0,38574
1111027381899,7,1,84310
1111027381900,7,0,37693
1111027381901,7,0,43993
1111027381904,8,0,64123
1111027381905,7,1,79165
1111027381906,7,1,74873
1111027381907,7,1,76427
1111027381909,10,1,62567
1111027381911,2,1,65719
1111027381913,8,0,61710
1111027381925,10,1,59015
1111027381927,10,0,105509
1111027381931,10,0,99461
1111027381933,7,1,73708
1111027381935,4,0,26169
1111027381936,6,1,36290
1111027381939,6,0,14773
1111027381947,11,0,43011
1111027381951,11,0,32515
1111027381959,1,1,59015
1111027381962,8,1,63313
1111027381973,2,0,52501
1111027381979,8,0,66988
1111027381982,6,0,40194
1111027381983,6,0,40612
1111027381985,6,1,45871
1111027381994,10,1,59015
1111027381995,10,1,113651
1111027381998,2,1,52385
1111027382001,10,1,93339
1111027382002,7,0,65311
1111027382003,6,1,58075
1111027382009,7,0,44599
1111027382010,7,1,37883
1111027382013,10,1,96591
1111027382014,7,0,71322
1111027382017,1,1,103813
1111027382018,1,1,59015
1111027382024,12,0,39294
1111027382025,2,0,53910
1111027382031,8,0,70837
1111027382035,1,1,57540
1111027382044,4,1,47318
1111027382048,1,1,96491
1111027382058,8,1,81816
1111027382064,10,0,106206
1111027382067,10,0,110543
1111027382068,10,1,108857
1111027382069,10,1,100290
1111027382070,10,1,99423
1111027382071,10,1,83081
1111027382072,10,0,103458
1111027382073,8,1,64588
1111027382077,10,0,84297
1111027382079,7,1,54645
1111027382080,10,1,146634
1111027382086,10,1,114411
1111027382087,10,1,103293
1111027382088,10,1,99270
1111027382089,10,0,104492
1111027382090,10,0,109607
1111027382091,10,0,105953
1111027382093,10,1,60168
1111027382098,10,1,110096
1111027382099,10,0,104141
1111027382100,10,0,104982
1111027382101,10,0,107792
1111027382102,10,1,112127
1111027382103,8,1,65104
1111027382106,8,1,60688
1111027382107,1,1,62724
1111027382108,10,1,97394
1111027382109,10,1,90814
1111027382110,10,1,110904
1111027382111,8,1,68930
1111027382115,7,1,66219
1111027382116,7,1,99657
1111027382127,2,0,57889
1111027382129,10,0,96158
1111027382139,10,1,96405
1111027382140,7,0,34170
1111027382146,8,1,74931
1111027382148,10,1,91137
1111027382151,8,0,46613
1111027382152,13,0,43994
1111027382154,6,1,35962
1111027382159,11,1,42782
1111027382161,8,1,87334
1111027382163,7,0,37296
1111027382164,5,0,37148
1111027382168,7,1,65240
1111027382170,7,0,52256
1111027382176,7,1,72877
1111027382177,7,1,66408
1111027382179,8,0,95438
1111027382190,1,1,85557
1111027382191,8,1,91968
1111027382192,7,1,73380
1111027382193,2,1,64808
1111027382195,8,0,55505
1111027382199,7,0,59927
1111027382200,10,1,121445
1111027382201,7,0,58188
1111027382202,8,0,87251
1111027382209,9,0,64222
1111027382212,7,1,41718
1111027382213,4,1,45214
1111027382214,7,0,65810
1111027382215,7,1,64361
1111027382216,7,0,68908
1111027382218,8,1,121121
1111027382219,7,1,99644
1111027382221,7,1,72589
1111027382230,7,0,91582
1111027382231,7,0,90658
1111027382232,7,0,114246
1111027382234,6,0,59015
1111027382235,7,0,53663
1111027382236,7,0,52904
1111027382237,7,0,57024
1111027382238,2,1,60067
1111027382242,11,0,45147
1111027382250,9,0,47095
1111027382251,10,1,123002
1111027382254,1,1,92868
1111027382256,7,0,40020
1111027382263,10,0,72666
1111027382266,10,0,78970
1111027382268,10,0,80214
1111027382269,10,0,74572
1111027382270,10,0,71735
1111027382271,7,0,39247
1111027382272,10,1,121898
1111027382276,5,1,32095
1111027382277,8,1,95820
1111027382278,2,1,50960
1111027382279,9,0,46035
1111027382282,1,1,73419
1111027382283,1,1,71761
1111027382284,7,1,40439
1111027382285,1,0,88660
1111027382286,1,1,75950
1111027382287,7,0,65564
1111027382305,2,1,48538
1111027382307,8,1,64750
1111027382309,7,1,85308
1111027382319,8,0,72733
1111027382320,8,1,81586
1111027382321,8,1,96866
1111027382326,8,1,88222
1111027382330,8,1,110318
1111027382335,6,1,46808
1111027382338,8,1,86119
1111027382344,7,1,110663
1111027382345,1,1,35977
1111027382348,13,0,47900
1111027382350,7,1,55459
1111027382354,7,1,76302
1111027382359,7,1,86292
1111027382360,8,1,91631
1111027382361,2,0,46872
1111027382362,8,0,77258
1111027382363,2,1,82017
1111027382367,2,1,65374
1111027382368,8,1,97565
1111027382381,8,0,108646
1111027382399,8,1,91926
1111027382411,7,1,43458
1111027382416,7,1,40427
1111027382420,1,1,98739
1111027382424,2,1,54506
1111027382428,8,1,85040
1111027382438,1,1,84208
1111027382441,7,0,82877
1111027382445,7,0,79670
1111027382455,7,0,57260
1111027382456,7,1,63312
1111027382457,7,1,67039
1111027382458,7,0,61823
1111027382459,7,1,63867
1111027382460,7,1,44711
1111027382463,8,0,65465
1111027382464,8,1,78956
1111027382466,8,1,103097
1111027382471,7,1,68093
1111027382472,10,0,66215
1111027382473,10,1,180755
1111027382474,7,0,68428
1111027382475,7,1,61806
1111027382476,7,1,70268
1111027382477,7,1,57672
1111027382480,6,0,48430
1111027382482,8,1,82893
1111027382483,7,1,62684
1111027382485,1,0,97522
1111027382487,8,0,104621
1111027382490,7,1,78799
1111027382491,7,1,87366
1111027382492,7,1,88797
1111027382493,7,1,90915
1111027382494,8,0,86585
1111027382496,7,1,83873
1111027382498,10,0,61363
1111027382500,7,1,46847
1111027382508,11,0,46112
1111027382512,1,1,80045
1111027382515,10,1,141775
1111027382517,2,0,46572
1111027382518,2,0,49710
1111027382519,2,0,50526
1111027382523,7,1,65898
1111027382526,7,1,68983
1111027382527,11,0,42995
1111027382528,2,1,58955
1111027382546,6,0,47574
1111027382547,8,0,87923
1111027382550,9,0,49581
1111027382558,7,0,65244
1111027382559,7,0,67771
1111027382560,7,0,61405
1111027382562,7,0,65616
1111027382565,7,1,66357
1111027382567,1,1,128316
1111027382568,7,1,60800
1111027382569,7,0,66559
1111027382570,7,1,74085
1111027382572,8,1,75591
1111027382584,7,0,73246
1111027382586,10,1,93676
1111027382587,10,1,82297
1111027382588,10,1,108744
1111027382590,10,1,83927
1111027382595,10,1,59015
1111027382596,10,0,59015
1111027382598,7,0,56781
1111027382599,6,0,54615
1111027382605,10,1,119131
1111027382606,2,1,59327
1111027382607,7,1,57507
1111027382608,11,1,43368
1111027382609,8,1,84206
1111027382612,10,0,123087
1111027382618,11,0,39020
1111027382627,10,0,119289
1111027382631,10,1,112689
1111027382636,7,0,53949
1111027382642,1,1,81387
1111027382643,1,1,90778
1111027382645,10,1,96209
1111027382657,7,1,62834
1111027382660,10,1,88798
1111027382661,10,1,126326
1111027382662,1,1,97463
1111027382663,10,0,60772
1111027382666,8,0,85845
1111027382668,1,1,94189
1111027382671,2,1,59738
1111027382679,2,1,53588
1111027382682,10,1,97473
1111027382684,10,1,125254
1111027382685,10,1,105670
1111027382686,10,1,100175
1111027382687,10,1,101050
1111027382692,10,1,129807
1111027382693,7,1,79930
1111027382696,8,0,81499
1111027382705,10,1,119332
1111027382707,8,1,79654
1111027382710,10,1,100141
1111027382714,10,1,143667
1111027382716,10,1,59015
1111027382720,10,1,137745
1111027382721,8,1,52911
1111027382725,2,1,48897
1111027382728,2,1,50347
1111027382732,8,0,65588
1111027382733,7,1,68599
1111027382734,4,1,35653
1111027382737,8,0,52407
1111027382744,2,1,57950
1111027382745,8,0,91658
1111027382752,2,0,50602
1111027382753,2,0,55585
1111027382754,8,1,114907
1111027382756,1,1,94309
1111027382757,7,1,69881
1111027382763,7,1,110187
1111027382764,7,1,71765
1111027382766,4,1,39845
1111027382770,7,1,71694
1111027382777,10,1,59015
1111027382779,8,1,69370
1111027382781,11,0,36201
1111027382783,7,0,60403
1111027382784,7,0,50959
1111027382790,8,1,80332
1111027382794,8,1,78359
1111040862944,10,1,83649
1111040862962,7,1,137274
1111040862969,7,0,48160
1111040862971,6,1,33112
1111040862975,4,0,49524
1111040862979,6,0,33179
1111040862984,8,1,88489
1111040862993,6,1,36861
1111040863005,1,1,101249
1111040863006,4,0,39309
1111040863020,7,1,100512
1111040863031,7,0,43824
1111041084751,8,0,100306
1111041090136,7,0,42014
1111041090262,10,1,108198
1111041090274,8,0,63404
1111041119984,7,1,38425
1111041125888,10,1,125656
1111041129296,1,1,54306
1111041131267,10,1,59015
1111041134912,7,0,51088
1111041135069,7,1,52301
1111041136732,7,0,47364
1111041137077,7,0,44892
1111041137634,7,1,45893
1111041140250,6,1,40843
1111041145253,4,1,47847
1111041147156,10,0,128866
1111041148422,10,0,92729
1111041150253,7,1,103438
1111041150489,1,1,90443
1111041150519,7,0,93829
1111041153546,7,0,75110
1111041155658,6,1,30343
1111041159352,7,1,45755
1111041160125,7,1,47055
1111041160223,7,1,45108
1111041161121,10,1,99166
1111041163563,7,1,60994
1111041166357,7,0,45554
1111041170735,13,0,58692
1111041173789,7,1,63053
1111041174017,6,0,32781
1111041174184,10,1,59015
1111041174808,6,0,43279
1111041175852,10,1,103270
1111041175907,1,1,75277
1111041178256,4,1,59179
1111041180757,7,0,42298
1111041181628,1,1,111105
1111041183594,10,1,59015
1111041200150,1,0,59015
1111041212838,10,1,59015
1111041212937,1,1,145811
1111041386335,7,0,77291
1111041408806,1,1,59015
1111041464248,7,1,146493
1111041517016,7,0,63518
1111041571175,7,1,72176
1111041652805,7,0,105938
1111041688588,7,1,38756
1111041743164,6,0,61958
1111041747415,7,1,65074
1111041750759,7,1,79727
1111041779491,6,0,36569
1111041779576,7,0,46506
1111041781359,10,1,59015
1111041783447,7,0,51534
1111041787770,4,1,43597
1111041802183,7,0,54019
1111041816515,10,1,103906
1111041861938,6,0,10847
1111041864329,1,1,114742
1111041880874,6,1,32682
1111041915399,7,1,56592
1111041963705,10,1,86734
1111042071188,6,0,31381
1111042205636,7,0,95923
1111042529329,10,1,94079
1111042664967,10,1,120442
1111042697540,7,1,47686
1111042698500,7,1,96575
1111042722170,7,0,64868
1111042784632,7,0,90147
1111042936552,7,1,52221
1111042945271,10,0,105908
1111042946352,6,0,29560
1111042948189,1,1,96269
1111042951124,10,1,59015
1111042955764,3,0,45617
1111042959158,9,0,33628
1111042959484,8,0,77777
1111042967521,1,1,83067
1111042968754,10,1,59015
1111043010634,11,0,28786
1111043052734,5,1,43360
1111043093784,7,1,106627
1111043155114,7,0,48515
1111043158260,7,1,59015
1111043180598,10,1,99530
1111043185817,6,0,51238
1111043196439,6,0,48793
1111043209553,6,0,38245
1111043241688,1,1,109403
1111043264053,1,0,59015
1111043267862,7,1,101192
1111043300680,1,1,59015
1111043313490,1,1,99721
1111043313755,1,1,104484
1111043314469,1,1,100713
1111043314949,1,1,112082
1111043315814,1,1,43093
1111043315856,1,0,87426
1111043316306,1,1,97078
1111043316665,1,1,87155
1111043316752,1,1,98666
1111043326838,4,0,55502
1111043352307,1,1,83201
1111043364345,7,1,109848
1111043388266,7,1,84591
1111043443524,7,1,80072
1111043464865,6,1,58311
1111043479283,7,0,43538
1111043481761,11,0,58577
1111043529456,12,0,38753
1111043623564,4,1,43901
1111043644453,6,0,83158
1111044701353,7,0,35300
1111044918637,7,0,42829
1111044927509,7,1,69200
1111044976720,1,1,59015
1111045001333,3,0,54435
1111045039405,4,1,32854
1111045132609,8,0,85722
1111045133260,6,0,35319
1111045159500,6,0,49056
1111045166171,6,0,46147
1111045191775,7,0,52411
1111045269268,4,0,56080
1111045274984,4,0,47647
1111045303586,7,0,76071
1111045368414,2,1,44374
1111045414377,11,0,35391
1111045465275,10,1,59015
1111045499011,7,0,59015
1111045501028,7,0,59015
1111045501689,2,0,44275
1111045502592,7,0,59015
1111045508473,7,0,59015
1111045509188,7,0,59015
1111045509645,7,0,59015
1111045643961,7,0,86307
1111045802449,6,0,47447
1111045936161,7,1,89487
1111045965035,5,1,34781
1111045971965,11,1,38478
1111045972696,5,1,27988
1111045984885,10,1,161771
1111045984927,7,1,80006
1111045993904,7,1,106106
1111045996809,7,0,59015
1111046020571,7,1,75387
1111046046356,7,1,124149
1111046057997,1,1,59015
1111046061258,1,1,59015
1111046089544,6,0,45648
1111046092946,7,0,54794
1111046094861,5,1,49915
1111046142354,7,1,107540
1111046173187,10,1,110895
1111046250718,6,0,38043
1111046251721,6,0,42231
1111046257017,7,0,89300
1111046292412,1,1,88250
1111046300865,11,0,64140
1111046302567,6,0,44688
1111046315925,1,1,65205
1111046318849,1,1,102666
1111046319521,5,1,43331
1111046322923,7,1,46207
1111046327190,8,1,78657
1111046327215,8,1,75604
1111046338377,6,0,27891
1111046342655,6,0,45306
1111046342806,8,1,107251
1111046347212,1,1,59015
1111046362161,6,0,34854
1111046364973,8,1,76826
1111046386653,7,1,64220
1111046409236,7,1,67511
1111046414966,10,1,90807
1111046422575,10,1,84026
1111046423518,6,0,43442
1111046439745,7,0,82571
1111046452996,7,1,59015
1111046456391,7,1,109474
1111046467089,10,0,59015
1111046517645,7,0,59015
1111046523885,7,1,56693
1111046524965,2,0,38851
1111046547603,7,0,46305
1111046548085,11,0,44200
1111046551537,10,1,93871
1111046557914,2,1,57232
1111046567076,1,1,97063
1111046567146,1,1,116369
1111046595978,10,1,153833
1111046635173,4,0,36949
1111046635812,4,1,58831
1111046648073,10,0,59015
1111046754872,8,1,85859
1111046810358,7,1,66854
1111046810631,7,1,67440
1111046810842,7,1,67067
1111046810925,7,1,66763
1111046826212,7,0,48973
1111046826284,7,0,45026
1111046835333,1,1,82447
1111046874302,1,1,59015
1111046877894,10,1,84269
1111046880746,7,0,89320
1111046888092,8,0,37277
1111046902391,7,0,61635
1111046920539,6,1,54535
1111046920919,13,0,27425
1111046923177,1,1,79052
1111046928929,7,1,96118
1111046941625,6,1,45129
1111046958576,10,0,122373
1111046963989,6,0,66207
1111046966682,7,0,43384
1111046997447,11,0,36263
1111047005416,13,0,26302
1111047034761,5,0,20483
1111047045254,7,0,59015
1111047090108,10,1,112550
1111047103520,7,1,63843
1111047133325,1,1,67132
1111047168935,4,0,54858
1111047174135,10,1,98639
1111047177840,7,1,110210
1111047227618,7,1,76917
1111047229050,1,1,88828
1111047237632,7,1,105096
1111047250644,4,0,32703
1111047291137,4,0,57094
1111047293757,7,1,89873
1111047336891,2,1,28916
1111047349969,6,0,45536
1111047362805,4,1,58960
1111047399265,7,1,97258
1111047579714,7,0,85991
1111047627815,6,0,29153
1111047726158,6,0,37270
1111047727551,12,0,46120
1111047732190,10,0,85419
1111047768803,7,0,63708
1111047812347,10,1,130768
1111047821010,1,0,59015
1111047822365,6,0,33931
1111047836724,6,0,39253
1111047837492,4,1,44061
1111047879553,5,1,42137
1111047917139,6,0,46745
1111047986643,10,1,95049
1111048258943,7,0,61279
1111048633483,7,0,46724
1111049600822,2,1,62016
1111050695480,11,0,53765
1111050770108,6,0,50908
1111052073923,12,0,39381
1111052077433,4,0,52646
1111052110644,12,0,39492
1111052133592,12,0,44889
1111052193147,5,1,36128
1111052214168,5,0,35718
1111052857099,5,0,36637
1111053224604,6,0,37086
1111053389754,5,0,40051
1111053451645,5,1,41660
1111053458322,5,1,38758
1111053464799,5,1,39756
1111053689921,5,1,41280
1111053691362,5,1,46527
1111053885744,5,1,40750
1111054088145,5,1,44647
1111054265763,6,0,45957
1111054399971,6,0,32079
1111054402096,6,0,42060
1111054408505,6,0,28579
1111054419175,6,1,32820
1111054421609,6,0,34142
1111054468494,6,1,36367
1111054471063,6,1,44724
1111054560665,6,0,34555
1111054563452,6,1,33853
1111054604368,6,1,38455
1111054605625,6,1,36050
1111054653711,6,0,35523
1111054666949,6,1,45502
1111054696058,6,0,42314
1111054847914,6,0,50960
1111055192817,6,0,35023
1111055240525,6,1,43334
1111055267995,6,0,38216
1111055357590,6,1,39875
1111055406217,7,1,87646
1111055565875,5,1,30520
1111055716316,6,0,52915
1111055841726,6,0,33606
1111055906573,5,0,28218
1111055947771,5,0,28774
1111056025375,6,0,46493
1111056050286,6,0,36515
1111056054668,6,0,35787
1111056093957,5,0,41551
1111056355518,6,0,36709
1111056464680,6,1,40258
1111056480588,6,1,33144
1111056538257,6,0,38898
1111056542784,6,0,35566
1111056592296,6,0,30571
1111056594019,6,1,41563
1111056861938,6,0,44639
1111057093472,6,0,41079
1111057124533,6,1,40334
1111057257304,6,0,21888
1111057423750,6,0,27876
1111057779746,6,0,31884
1111057852690,6,0,27920
1111057864000,4,1,59121
1111058006328,6,0,32182
1111058350127,6,1,38848
1111058637372,6,1,41096
1111058658591,6,0,31094
1111058700713,6,0,29786
1111058990176,6,0,35782
1111059006887,6,1,59678
1111059124685,6,0,25971
1111059823659,6,0,28613
1111059830724,6,0,28475
1111060111249,6,0,32855
1111060165333,6,1,36525
1111060199070,6,0,39941
1111060303550,6,0,27825
1111060307294,6,0,41422
1111060390805,6,0,40317
1111060664768,6,0,34211
1111060731215,6,1,39029
1111060973373,6,0,28330
1111061021159,6,0,40153
1111061037671,2,0,61865
1111061045491,6,0,28214
1111061789424,6,0,37126
1111061807238,6,0,36260
1111061835717,6,0,39074
1111061968842,6,1,38368
1111062142172,6,1,45265
1111062260622,6,0,38298
1111062314453,6,0,30501
1111062691320,6,1,36268
1111062691345,6,1,40840
1111062776715,6,0,35293
1111062781766,5,0,40508
1111062806214,6,1,44912
1111062819164,6,1,41755
1111062903681,6,0,36663
1111062904348,7,0,52791
1111062905081,4,0,58983
1111062908263,7,1,100806
1111063030340,6,0,33140
1111063110069,5,1,35080
1111063140904,7,0,92910
1111063141176,11,0,37701
1111063405237,6,0,54719
1111063498636,6,0,38255
1111063573529,6,0,37343
1111063629831,7,1,81653
1111063630675,6,0,30833
1111063643291,3,0,64450
1111063682087,4,1,47458
1111063742003,11,0,38086
1111063798667,8,1,115395
1111063808847,8,1,111846
1111063830085,6,0,50158
1111063954703,7,1,95781
1111099418663,7,0,91056
1111099581268,7,0,72269
1111099837711,6,0,28488
1111100070014,6,0,25362
1111100194576,7,0,45536
1111100247576,6,0,25204
1111100362259,7,0,47347
1111100384369,7,0,45732
1111100547995,6,1,27405
1111100692723,6,1,35209
1111100788735,6,0,27543
1111100893076,6,0,24634
116717317328508,6,1,43670
117009478389938,4,1,41387
117258115420294,1,0,139053
117800835289894,6,1,53998
118372281946889,6,1,50274
118486728773575,6,0,65970
1114619720585020,6,0,34380
